"text","favorited","favoriteCount","replyToSN","created","truncated","replyToSID","id","replyToUID","statusSource","screenName","retweetCount","isRetweet","retweeted","longitude","latitude"
"RT @MikeThePlumbe10: THE BEST IS YET TO COME! THESE #NEW DOCUMENTS WILL #BLOW THE LID OFF OF THE FBI #INVESTIGATION INTO GEN FLYNN, ROGER S¡¦",FALSE,0,NA,2020-05-06 01:01:13,FALSE,NA,"1257837790689017856",NA,"<a href=""https://mobile.twitter.com"" rel=""nofollow"">Twitter Web App</a>","JEM_Books",5,TRUE,FALSE,NA,NA
"RT @BetteMidler: #Trump deemed them essential in order into innoculate the owners from being sued when the workers start dying.  #WorstPres¡¦",FALSE,0,NA,2020-05-06 01:01:07,FALSE,NA,"1257837766408155138",NA,"<a href=""http://twitter.com/#!/download/ipad"" rel=""nofollow"">Twitter for iPad</a>","nightowl648",198,TRUE,FALSE,NA,NA
"@ShannonBream @FoxNews @foxnewsnight When RBG kicks the bucket, and that time grows near, the liberal left are goin¡¦ https://t.co/eoKppU7Dpi",FALSE,0,"ShannonBream",2020-05-06 01:01:00,TRUE,"1257835115935338496","1257837735970299905","18983793","<a href=""https://mobile.twitter.com"" rel=""nofollow"">Twitter Web App</a>","build_one1",0,FALSE,FALSE,NA,NA
"RT @Miss_Anthr0pe: I bet his pupils looked like this last night,  #Sudafed #trump pseudoephedrine abuse dilates the pupils, FYI https://t.c¡¦",FALSE,0,NA,2020-05-06 01:00:55,FALSE,NA,"1257837714293919744",NA,"<a href=""https://mobile.twitter.com"" rel=""nofollow"">Twitter Web App</a>","MOMBO91859138",12,TRUE,FALSE,NA,NA
"RT @cosmicfirepeace: #Trump figured out a way for the invisible #Covid19 virus to go away .. ITS Real simple folks ... no more testing .,.¡¦",FALSE,0,NA,2020-05-06 01:00:52,FALSE,NA,"1257837703803990016",NA,"<a href=""http://twitter.com/download/iphone"" rel=""nofollow"">Twitter for iPhone</a>","CarolLaRue",2,TRUE,FALSE,NA,NA
"RT @MrsC_Assange: #Trump on  @Wikileaks 

(During his US Presidential Campaign) 

""I love Wikileaks!""

""This Wikileaks is like a treasure t¡¦",FALSE,0,NA,2020-05-06 01:00:51,FALSE,NA,"1257837699832188929",NA,"<a href=""https://mobile.twitter.com"" rel=""nofollow"">Twitter Web App</a>","PAA_Asile",5,TRUE,FALSE,NA,NA
"RT @MrsC_Assange: #Trump on @Wikileaks

""I think its disgraceful..
Should be the death penalty or something""

#SaveJulian 
#FreeAssange htt¡¦",FALSE,0,NA,2020-05-06 01:00:44,FALSE,NA,"1257837669083525120",NA,"<a href=""https://mobile.twitter.com"" rel=""nofollow"">Twitter Web App</a>","marielaquin",8,TRUE,FALSE,NA,NA
"RT @howardfineman: #Trump has gone ballistic <U+2014> or ballisticer <U+2014> over this anti-Trump #GOPer ad. I can see why. It¡¯s tough, effective and tr¡¦",FALSE,0,NA,2020-05-06 01:00:44,FALSE,NA,"1257837668546736128",NA,"<a href=""http://twitter.com/download/iphone"" rel=""nofollow"">Twitter for iPhone</a>","PegsCooley",225,TRUE,FALSE,NA,NA
"Trump didn¡¯t wear a face mask visiting a factory and refused to wear a penis mask when visiting stormy- at least he¡¦ https://t.co/gtLJqnUWli",FALSE,0,NA,2020-05-06 01:00:43,TRUE,NA,"1257837665350610947",NA,"<a href=""http://twitter.com/download/iphone"" rel=""nofollow"">Twitter for iPhone</a>","martinm34060415",0,FALSE,FALSE,NA,NA
"RT @gforce_superman: Eureka. And while people are dying of Corona, a much more lethal threat is being constructed. Pompeo is on it. As long¡¦",FALSE,0,NA,2020-05-06 01:00:42,FALSE,NA,"1257837661907308544",NA,"<a href=""http://twitter.com/download/android"" rel=""nofollow"">Twitter for Android</a>","gestedoca",2,TRUE,FALSE,NA,NA
"If over 71 thousand Americans have lost their lives from #covid19 related deaths and the levels of shock and outrag¡¦ https://t.co/T0OZN7mL9j",FALSE,0,NA,2020-05-06 01:00:37,TRUE,NA,"1257837640281321472",NA,"<a href=""http://twitter.com/download/android"" rel=""nofollow"">Twitter for Android</a>","GeorgeUwaifo",0,FALSE,FALSE,NA,NA
"@ProjectLincoln But but he said I LOVE YOU on tv today. ... did anyone else burst out laughing? #ILoveYoo #Trump",FALSE,0,"ProjectLincoln",2020-05-06 01:00:37,FALSE,"1257348720988913666","1257837640134492160","1205226529455632385","<a href=""http://twitter.com/download/iphone"" rel=""nofollow"">Twitter for iPhone</a>","jonny_noki",0,FALSE,FALSE,NA,NA
"@jaketapper @ShelbyLinErdman And that's why #Trump and the Republicans don't care reopening - blacks and browns are¡¦ https://t.co/2pbZxUSzk2",FALSE,0,"jaketapper",2020-05-06 01:00:35,TRUE,"1257834595711582213","1257837632291254272","14529929","<a href=""http://twitter.com/download/android"" rel=""nofollow"">Twitter for Android</a>","realfacade1",0,FALSE,FALSE,NA,NA
"New Poll: Majority of Americans Call Trump¡¯s Coronavirus Response ¡®Unprepared¡¯ and ¡®Erratic¡¯.#Trump..#GOP..#Covid19",FALSE,0,NA,2020-05-06 01:00:32,FALSE,NA,"1257837618726871041",NA,"<a href=""https://www.hootsuite.com"" rel=""nofollow"">Hootsuite Inc.</a>","jetboy24",0,FALSE,FALSE,NA,NA
"RT @KayRonDeeDee: Our neighbor cut down our Trump 2020 flag in our front yard last night. It¡¯s being replaced immediately. We will win 2020¡¦",FALSE,0,NA,2020-05-06 01:00:32,FALSE,NA,"1257837618634555392",NA,"<a href=""http://twitter.com/download/android"" rel=""nofollow"">Twitter for Android</a>","WillBHarder",12403,TRUE,FALSE,NA,NA
"RT @MrsC_Assange: #Trump on  @Wikileaks 

(During his US Presidential Campaign) 

""I love Wikileaks!""

""This Wikileaks is like a treasure t¡¦",FALSE,0,NA,2020-05-06 01:00:29,FALSE,NA,"1257837607297462273",NA,"<a href=""http://twitter.com/download/android"" rel=""nofollow"">Twitter for Android</a>","OWRfreedom1776",5,TRUE,FALSE,NA,NA
"It is a snapshot of the current political climate that playing ""Live and Let Die"" during a #Trump tour could be A)¡¦ https://t.co/aHtabRN5jK",FALSE,0,NA,2020-05-06 01:00:26,TRUE,NA,"1257837595544829954",NA,"<a href=""https://mobile.twitter.com"" rel=""nofollow"">Twitter Web App</a>","steveburgess1",0,FALSE,FALSE,NA,NA
"RT @Sassy4Trump: NO To Mail In Voting!! Make Voter ID Required!! #TRUMP 
#MAGAROLLERCOASTER 
<U+0001F5F3>@POLITICALWAROOM 
<U+2705>@KiltyJeremy 
<U+0001F5F3>@titan428¡¦",FALSE,0,NA,2020-05-06 01:00:25,FALSE,NA,"1257837590893510664",NA,"<a href=""http://twitter.com/download/iphone"" rel=""nofollow"">Twitter for iPhone</a>","Sassy4Trump",223,TRUE,FALSE,NA,NA
"RT @Laurie_Garrett: Two separate models predict US #COVID19 death toll will nearly 2X by late June, nearing 135,000 souls, but the @WhiteHo¡¦",FALSE,0,NA,2020-05-06 01:00:25,FALSE,NA,"1257837590260088837",NA,"<a href=""http://twitter.com/download/iphone"" rel=""nofollow"">Twitter for iPhone</a>","gail_411",248,TRUE,FALSE,NA,NA
"New Poll: Majority of Americans Call Trump¡¯s Coronavirus Response ¡®Unprepared¡¯ and ¡®Erratic¡¯.#Trump..#GOP..#Covid19",FALSE,0,NA,2020-05-06 01:00:24,FALSE,NA,"1257837584123863043",NA,"<a href=""https://mobile.twitter.com"" rel=""nofollow"">Twitter Web App</a>","crypticvalentin",0,FALSE,FALSE,NA,NA
"RT @MrsC_Assange: #Trump on  @Wikileaks 

(During his US Presidential Campaign) 

""I love Wikileaks!""

""This Wikileaks is like a treasure t¡¦",FALSE,0,NA,2020-05-06 01:00:21,FALSE,NA,"1257837571813466113",NA,"<a href=""http://twitter.com/download/iphone"" rel=""nofollow"">Twitter for iPhone</a>","leopardthinks1",5,TRUE,FALSE,NA,NA
"AMERICA,
#trump is disbanding the covid Task Force in order to separate himself from his MURDEROUS activities 71,00¡¦ https://t.co/9c1IU97U7i",FALSE,0,NA,2020-05-06 01:00:21,TRUE,NA,"1257837570924437511",NA,"<a href=""https://mobile.twitter.com"" rel=""nofollow"">Twitter Web App</a>","dre1car1",0,FALSE,FALSE,NA,NA
"RT @US_of_A_1st: Wow Imagine that; your #Trump hater parents won't attend your wedding bcuz your future husband is a conservative. <U+0001F633>

Now i¡¦",FALSE,0,NA,2020-05-06 01:00:20,FALSE,NA,"1257837569691148288",NA,"<a href=""https://mobile.twitter.com"" rel=""nofollow"">Twitter Web App</a>","emariemarshall",362,TRUE,FALSE,NA,NA
"RT @RichforGA: I have seen the real polls in #GA07!   .@realDonaldTrump approval numbers are through the roof!!!   Don¡¯t listen to the fake¡¦",FALSE,0,NA,2020-05-06 01:00:20,FALSE,NA,"1257837567006760960",NA,"<a href=""http://twitter.com/download/iphone"" rel=""nofollow"">Twitter for iPhone</a>","USWNow",201,TRUE,FALSE,NA,NA
"RT @TacticalDogLive: Volusia deputies and K9 catch fleeing suspects
<U+0001F44D>Amazing video shows coordination Air-K9. 
Congratulations to Purple He¡¦",FALSE,0,NA,2020-05-06 01:00:19,FALSE,NA,"1257837564511191040",NA,"<a href=""http://twitter.com/download/android"" rel=""nofollow"">Twitter for Android</a>","haro_rebecca",1,TRUE,FALSE,NA,NA
"RT @howardfineman: Chaos, cronyism and political corruption in the #Trump ¡°Administration¡± handling of medical R &amp; D and supply contracts.¡¦",FALSE,0,NA,2020-05-06 01:00:18,FALSE,NA,"1257837558257668098",NA,"<a href=""http://twitter.com/download/iphone"" rel=""nofollow"">Twitter for iPhone</a>","wtparker3",67,TRUE,FALSE,NA,NA
"@nbcnews That's because it IS a government influence operation. #InformationWarfare using civilians to bypass vario¡¦ https://t.co/LnqTn4o5tC",FALSE,0,"NBCNews",2020-05-06 01:00:16,TRUE,NA,"1257837551697739776","14173315","<a href=""https://mobile.twitter.com"" rel=""nofollow"">Twitter Web App</a>","WeX3FreeSpeech",0,FALSE,FALSE,NA,NA
"@JesseBWatters @realDonaldTrump Here¡¯s the country under #Trump leadership.

 https://t.co/iv3GEnk3Gg",FALSE,0,"JesseBWatters",2020-05-06 01:00:16,FALSE,"1257430049147379712","1257837551475232769","56561449","<a href=""http://twitter.com/download/iphone"" rel=""nofollow"">Twitter for iPhone</a>","FogPapier",0,FALSE,FALSE,NA,NA
"¢º<U+FE0F> US President #Trump tours a Honeywell factory that manufactures personal protective equipment amid the¡¦ https://t.co/Z8bBcrGTfr",FALSE,0,NA,2020-05-06 01:00:12,TRUE,NA,"1257837537109970944",NA,"<a href=""http://twitter.com/download/android"" rel=""nofollow"">Twitter for Android</a>","WashNewsLine",0,FALSE,FALSE,NA,NA
"RT @being_steve: #Trump just laid out the @GOP 2020 platform: Lower taxes on those employed, eliminate many taxes on the rich, and make it¡¦",FALSE,0,NA,2020-05-06 01:00:11,FALSE,NA,"1257837530164146178",NA,"<a href=""http://twitter.com/download/android"" rel=""nofollow"">Twitter for Android</a>","PaulaYankelove",34,TRUE,FALSE,NA,NA
"RT @michaelbeatty3: CAT FIGHT -Mika mocks 
KellyAnne for believing Trump Tower was wired
#MAGA #USA #Wikileaks 
#TRUMP https://t.co/LhGOfJd¡¦",FALSE,0,NA,2020-05-06 01:00:11,FALSE,NA,"1257837529807622144",NA,"<a href=""http://twitter.com/download/iphone"" rel=""nofollow"">Twitter for iPhone</a>","RuthieRedSox",2,TRUE,FALSE,NA,NA
"RT @zeusFanHouse: BOOM! #SidneyPowell Drops Bomb: #Comey and Company Prosecuted #Flynn So He and #Trump Would Not Expose Their #Crimes <U+2013> Fl¡¦",FALSE,0,NA,2020-05-06 01:00:09,FALSE,NA,"1257837523134566408",NA,"<a href=""http://twitter.com/download/iphone"" rel=""nofollow"">Twitter for iPhone</a>","CaroleL62156745",469,TRUE,FALSE,NA,NA
"RT @mog7546: #Trump says Washington, DC, will never be a state

¡°Why? So we can have two more Democratic <U+2014> Democrat senators and five more¡¦",FALSE,0,NA,2020-05-06 01:00:09,FALSE,NA,"1257837521083359233",NA,"<a href=""http://twitter.com/#!/download/ipad"" rel=""nofollow"">Twitter for iPad</a>","yodaquoter",16,TRUE,FALSE,NA,NA
"RT @MrsC_Assange: #Trump on  @Wikileaks 

(During his US Presidential Campaign) 

""I love Wikileaks!""

""This Wikileaks is like a treasure t¡¦",FALSE,0,NA,2020-05-06 01:00:08,FALSE,NA,"1257837519971983360",NA,"<a href=""http://twitter.com/download/iphone"" rel=""nofollow"">Twitter for iPhone</a>","Lydia_Canaan",5,TRUE,FALSE,NA,NA
"@RebelLeader10 @Amy_Siskind @VP ""It looks like #Trump admin has just given up""
It would look about the same if he were striving mightily.",FALSE,1,"RebelLeader10",2020-05-06 01:00:07,FALSE,"1257436849242587136","1257837512342605824","941253036256694273","<a href=""https://mobile.twitter.com"" rel=""nofollow"">Twitter Web App</a>","MarkDonnelly16",0,FALSE,FALSE,NA,NA
"@realDonaldTrump @DavidMuir @ABCWorldNews This isnt the #Trump of the last 3 yrs. He sounded sincere &amp; didnt sound¡¦ https://t.co/YydpzPFwAO",FALSE,0,"realDonaldTrump",2020-05-06 01:00:06,TRUE,"1257768408256409601","1257837510069293062","25073877","<a href=""http://twitter.com/download/iphone"" rel=""nofollow"">Twitter for iPhone</a>","lacost68",0,FALSE,FALSE,NA,NA
"Crazy Christians - your messiah has brought plagues. May be the antichrist. #trump",FALSE,0,NA,2020-05-06 01:00:04,FALSE,NA,"1257837501525319685",NA,"<a href=""http://twitter.com/download/iphone"" rel=""nofollow"">Twitter for iPhone</a>","catcatdean",0,FALSE,FALSE,NA,NA
"@politico But they¡¯re ok with #Trump who grabs <U+0001F431> 
Ok! <U+0001F928>",FALSE,0,"politico",2020-05-06 01:00:02,FALSE,"1257829956140269568","1257837493048705029","9300262","<a href=""http://twitter.com/download/iphone"" rel=""nofollow"">Twitter for iPhone</a>","1865JUNE19",0,FALSE,FALSE,NA,NA
"Almost 2 hours without any #Trump tweets! Covfefe.",FALSE,0,NA,2020-05-06 01:00:02,FALSE,NA,"1257837491802996736",NA,"<a href=""http://example.com/"" rel=""nofollow"">Trumpytweeter</a>","trumpytweeter",0,FALSE,FALSE,NA,NA
"RT @zeusFanHouse: BOOM! #SidneyPowell Drops Bomb: #Comey and Company Prosecuted #Flynn So He and #Trump Would Not Expose Their #Crimes <U+2013> Fl¡¦",FALSE,0,NA,2020-05-06 00:59:54,FALSE,NA,"1257837457682206720",NA,"<a href=""http://twitter.com/download/iphone"" rel=""nofollow"">Twitter for iPhone</a>","moragaannie1",469,TRUE,FALSE,NA,NA
"@DotardInWaiting @twisty_elias @coleyworld @ZagamaMas Anytime #Trump appears on TV.",FALSE,0,"DotardInWaiting",2020-05-06 00:59:52,FALSE,"1257822945600249863","1257837449746710528","1192175597390184448","<a href=""http://twitter.com/download/iphone"" rel=""nofollow"">Twitter for iPhone</a>","DavidFDodge1",0,FALSE,FALSE,NA,NA
"RT @AndyOstroy: @realDonaldTrump You¡¯re cheering on states that are blatantly violating your own re-opening guidelines, you lunatic. Your i¡¦",FALSE,0,NA,2020-05-06 00:59:51,FALSE,NA,"1257837446391185409",NA,"<a href=""http://twitter.com/#!/download/ipad"" rel=""nofollow"">Twitter for iPad</a>","susanrwncomau",136,TRUE,FALSE,NA,NA
"RT @mog7546: #Scarborough applauded the efforts of Americans to slow the spread of the coronavirus because #Trump had abdicated his leaders¡¦",FALSE,0,NA,2020-05-06 00:59:44,FALSE,NA,"1257837419065249792",NA,"<a href=""http://twitter.com/#!/download/ipad"" rel=""nofollow"">Twitter for iPad</a>","tahiti93",18,TRUE,FALSE,NA,NA
"RT @MrsC_Assange: 1/4 #Trump Administrations Prosecution of journalist Julian Assange

2O10 interview:
#Trump re @Wikileaks

"" I think its¡¦",FALSE,0,NA,2020-05-06 00:59:44,FALSE,NA,"1257837418926886912",NA,"<a href=""https://mobile.twitter.com"" rel=""nofollow"">Twitter Web App</a>","DNVFreeJA",8,TRUE,FALSE,NA,NA
"@MSNBC news, please listen how #TRUMP and his foes handled the response in early days.
#TRUMP_THE_IDIOTIC_POTUS¡¦ https://t.co/UIQrGv4RDG",FALSE,0,"MSNBC",2020-05-06 00:59:43,TRUE,NA,"1257837415412240385","2836421","<a href=""http://twitter.com/download/android"" rel=""nofollow"">Twitter for Android</a>","Trump_The_Moron",0,FALSE,FALSE,NA,NA
"RT @CaliCali2000: Morally pious Christians of USA believe this guy will make America great again.

US politics is an asylum and the voters¡¦",FALSE,0,NA,2020-05-06 00:59:43,FALSE,NA,"1257837413965021184",NA,"<a href=""http://twitter.com/download/android"" rel=""nofollow"">Twitter for Android</a>","BeWater84640726",1,TRUE,FALSE,NA,NA
"RT @being_steve: #Trump just laid out the @GOP 2020 platform: Lower taxes on those employed, eliminate many taxes on the rich, and make it¡¦",FALSE,0,NA,2020-05-06 00:59:42,FALSE,NA,"1257837410345349120",NA,"<a href=""http://twitter.com/download/iphone"" rel=""nofollow"">Twitter for iPhone</a>","lizasel",34,TRUE,FALSE,NA,NA
"#Trump you want to fix the US do something about this! Answer these questions! https://t.co/iaOaq85Jry",FALSE,0,NA,2020-05-06 00:59:36,FALSE,NA,"1257837384303067136",NA,"<a href=""http://twitter.com/download/iphone"" rel=""nofollow"">Twitter for iPhone</a>","AdaEllisCoffee",0,FALSE,FALSE,NA,NA
"RT @TrumpIsMagic: @realDonaldTrump Let's hope that more and more people will open their eyes now. 
#Trump #TrumpTrain #TrumpTrain2020 #Trum¡¦",FALSE,0,NA,2020-05-06 00:59:35,FALSE,NA,"1257837377885663232",NA,"<a href=""http://twitter.com/download/iphone"" rel=""nofollow"">Twitter for iPhone</a>","NvRedWhiteBlue",17,TRUE,FALSE,NA,NA
"RT @AndyOstroy: .@realDonaldTrump hates this @ProjectLincoln video SO much he was up all night rage-tweeting about it. So please DO NOT ret¡¦",FALSE,0,NA,2020-05-06 00:59:34,FALSE,NA,"1257837373821317125",NA,"<a href=""http://twitter.com/download/iphone"" rel=""nofollow"">Twitter for iPhone</a>","DogwartsJ",623,TRUE,FALSE,NA,NA
"@thehill Next year #trump will be gone! Miracles can happen! #VoteBlueToEndThisNightmare https://t.co/C8pFThop7r",FALSE,0,"thehill",2020-05-06 00:59:33,FALSE,"1257817350998503426","1257837372756000769","1917731","<a href=""http://twitter.com/#!/download/ipad"" rel=""nofollow"">Twitter for iPad</a>","mcmills_d",0,FALSE,FALSE,NA,NA
"@ddale8 Daniel you guys need to find someone to kick #TRUMP in the junk ..",FALSE,0,"ddale8",2020-05-06 00:59:29,FALSE,"1257835993144705025","1257837356398174208","225265639","<a href=""http://twitter.com/download/android"" rel=""nofollow"">Twitter for Android</a>","Thummper08",0,FALSE,FALSE,NA,NA
"RT @being_steve: #Trump just laid out the @GOP 2020 platform: Lower taxes on those employed, eliminate many taxes on the rich, and make it¡¦",FALSE,0,NA,2020-05-06 00:59:28,FALSE,NA,"1257837351386177543",NA,"<a href=""http://twitter.com/download/iphone"" rel=""nofollow"">Twitter for iPhone</a>","TrueJaneAusten",34,TRUE,FALSE,NA,NA
"You know when someone buys you an off-brand version of something?  Like Dr. Thunder, Mtn Lightning or Prongles? 

T¡¦ https://t.co/BGq3lIKRlD",FALSE,0,NA,2020-05-06 00:59:28,TRUE,NA,"1257837349104279552",NA,"<a href=""https://mobile.twitter.com"" rel=""nofollow"">Twitter Web App</a>","recoveryparty",0,FALSE,FALSE,NA,NA
"@Dar_Thatcher Leaning Tower of #trump",FALSE,0,"Dar_Thatcher",2020-05-06 00:59:19,FALSE,"1257836710324568065","1257837314308530177","2444685460","<a href=""https://mobile.twitter.com"" rel=""nofollow"">Twitter Web App</a>","chaseydujac",0,FALSE,FALSE,NA,NA
"RT @Afro_Crypto: #coronavirus #COVID19

How long has @UN @who planned this #biowarfare epidemic on humanity? Why is depopulation vital for¡¦",FALSE,0,NA,2020-05-06 00:59:16,FALSE,NA,"1257837300551213057",NA,"<a href=""http://twitter.com/download/android"" rel=""nofollow"">Twitter for Android</a>","mikescrpto",18,TRUE,FALSE,NA,NA
"#Radciffe is an unqualified dunce...Would-Be New Spy Chief Tried to Delete His Internet History and It Went About H¡¦ https://t.co/PJkGmvM38A",FALSE,0,NA,2020-05-06 00:59:14,TRUE,NA,"1257837289818001409",NA,"<a href=""http://twitter.com/download/android"" rel=""nofollow"">Twitter for Android</a>","VIDAcommunicate",0,FALSE,FALSE,NA,NA
"RT @GruyereRichard: There¡¯s a nauseating irony that #Trump, an avid Vietnam draft dodger has managed to kill MORE Americans in 6 weeks than¡¦",FALSE,0,NA,2020-05-06 00:59:11,FALSE,NA,"1257837277281243136",NA,"<a href=""http://twitter.com/#!/download/ipad"" rel=""nofollow"">Twitter for iPad</a>","vgs1128",1,TRUE,FALSE,NA,NA
"@realDonaldTrump @DavidMuir @ABCWorldNews You did horrible on that interview. Same old lies and bullshit. Really bad ratings for you #trump",FALSE,0,"realDonaldTrump",2020-05-06 00:59:10,FALSE,"1257768408256409601","1257837275188248576","25073877","<a href=""http://twitter.com/download/android"" rel=""nofollow"">Twitter for Android</a>","gunnwilliams",0,FALSE,FALSE,NA,NA
"RT @TEXASrdblock: @RideWithC4T You took the words right out of my mouth..
Denver was a #Trump Rally
Like #4thOfJuly on steroids 
Yes, we mu¡¦",FALSE,0,NA,2020-05-06 00:59:08,FALSE,NA,"1257837267005161473",NA,"<a href=""https://mobile.twitter.com"" rel=""nofollow"">Twitter Web App</a>","TEXASrdblock",1,TRUE,FALSE,NA,NA
"#Trump on  @Wikileaks 

(During his US Presidential Campaign) 

""I love Wikileaks!""

""This Wikileaks is like a trea¡¦ https://t.co/J9cV9BZYPS",FALSE,8,NA,2020-05-06 00:59:05,TRUE,NA,"1257837255885852672",NA,"<a href=""http://twitter.com/download/android"" rel=""nofollow"">Twitter for Android</a>","MrsC_Assange",5,FALSE,FALSE,NA,NA
"What a piece of shit you are #trump !!!! #TrumpPressConference #TrumpIsACompleteFailure https://t.co/YWYDwWGXpW",FALSE,0,NA,2020-05-06 00:59:02,FALSE,NA,"1257837243324080130",NA,"<a href=""http://twitter.com/download/iphone"" rel=""nofollow"">Twitter for iPhone</a>","sonicdjc",0,FALSE,FALSE,NA,NA
"@Acosta @realDonaldTrump #Trump has destroyed the #Iranian economy and forced millions to sleep without food, and h¡¦ https://t.co/RM49Da02YQ",FALSE,0,"Acosta",2020-05-06 00:59:01,TRUE,"1257782205704634368","1257837236394975234","22771961","<a href=""http://twitter.com/download/iphone"" rel=""nofollow"">Twitter for iPhone</a>","AdamHammoude",0,FALSE,FALSE,NA,NA
"RT @WonderWoman2KAG: I was going to ask when our murder hornet stimulus checks will arrive, &amp; then I saw this video. The media won't show u¡¦",FALSE,0,NA,2020-05-06 00:59:00,FALSE,NA,"1257837234054746115",NA,"<a href=""http://twitter.com/download/iphone"" rel=""nofollow"">Twitter for iPhone</a>","LaneSadalup",330,TRUE,FALSE,NA,NA
"RT @rimarthag: @PoliticusSarah @politicususa Why did #JusticeKennedy retire? Who paid off #Kavanaugh¡¯s loans? Why is #msm not giving the sa¡¦",FALSE,0,NA,2020-05-06 00:58:59,FALSE,NA,"1257837227331194889",NA,"<a href=""http://twitter.com/download/android"" rel=""nofollow"">Twitter for Android</a>","huffdrh",69,TRUE,FALSE,NA,NA
"RT @mog7546: #UK coronavirus DEATH TOLL APPEARS TO OVERTAKE ITALY to become hardest-hit country in Europe 

PM Johnson, like #Trump waited¡¦",FALSE,0,NA,2020-05-06 00:58:58,FALSE,NA,"1257837225947074563",NA,"<a href=""http://twitter.com/download/iphone"" rel=""nofollow"">Twitter for iPhone</a>","earlibirdrobin",18,TRUE,FALSE,NA,NA
"RT @KayRonDeeDee: Our neighbor cut down our Trump 2020 flag in our front yard last night. It¡¯s being replaced immediately. We will win 2020¡¦",FALSE,0,NA,2020-05-06 00:58:57,FALSE,NA,"1257837219181543426",NA,"<a href=""http://twitter.com/download/android"" rel=""nofollow"">Twitter for Android</a>","Moonwingate",12403,TRUE,FALSE,NA,NA
"@MSNBC Let¡¯s hope she finally steps down and takes it easy for whatever time she has left to enjoy with her family.¡¦ https://t.co/a8Ha79Z6j4",FALSE,0,"MSNBC",2020-05-06 00:58:54,TRUE,"1257836794260881415","1257837208603488261","2836421","<a href=""http://twitter.com/download/iphone"" rel=""nofollow"">Twitter for iPhone</a>","SundevilSal",0,FALSE,FALSE,NA,NA
"British Writer Pens The Best Description Of Trump I¡¯ve Read https://t.co/Ao4NhluWrP #natewhite #british #trump",FALSE,0,NA,2020-05-06 00:58:53,FALSE,NA,"1257837204304470016",NA,"<a href=""http://twitter.com"" rel=""nofollow"">Twitter Web Client</a>","patfoxli",0,FALSE,FALSE,NA,NA
"RT @RichardAngwin: LOL !!!    Just saw this yard sign

#Resist #Trump #1u #tcot #maga #kag #coronavirus #COVID19 #DumpTrump #Election2020 #¡¦",FALSE,0,NA,2020-05-06 00:58:52,FALSE,NA,"1257837200755945472",NA,"<a href=""http://twitter.com/download/android"" rel=""nofollow"">Twitter for Android</a>","woundeadshadow",260,TRUE,FALSE,NA,NA
"@Stop_Trump20 A #Trump tramp stamp on anyone is one thing, but on a guy(?) It's super creepy.",FALSE,0,"Stop_Trump20",2020-05-06 00:58:51,FALSE,"1257679227891171328","1257837193772462081","3334843313","<a href=""https://mobile.twitter.com"" rel=""nofollow"">Twitter Web App</a>","Darwin9876541",0,FALSE,FALSE,NA,NA
"RT @MrsC_Assange: #Trump on @Wikileaks

""I think its disgraceful..
Should be the death penalty or something""

#SaveJulian 
#FreeAssange htt¡¦",FALSE,0,NA,2020-05-06 00:58:50,FALSE,NA,"1257837193093173248",NA,"<a href=""https://mobile.twitter.com"" rel=""nofollow"">Twitter Web App</a>","Britain_People",8,TRUE,FALSE,NA,NA
"RT @zeusFanHouse: CNN Sends #Trump Campaign #CeaseAndDesist Letter For ¡®Deceptive¡¯ Ad Showing #CNN Agreeing His Actions Saved Lives; Campai¡¦",FALSE,0,NA,2020-05-06 00:58:50,FALSE,NA,"1257837190840823808",NA,"<a href=""http://twitter.com/download/iphone"" rel=""nofollow"">Twitter for iPhone</a>","TRUTHLOVERTOO",216,TRUE,FALSE,NA,NA
"RT @badseedbook: <U+0001F534>Ammon Bundy Blames Jews For The Holocaust At Idaho Anti-Lockdown Rally.
#TrumpLiesAmericansDie #trump #stopracism #MAGAMo¡¦",FALSE,0,NA,2020-05-06 00:58:47,FALSE,NA,"1257837179952336899",NA,"<a href=""https://mobile.twitter.com"" rel=""nofollow"">Twitter Web App</a>","therealkunt",5,TRUE,FALSE,NA,NA
"RT @Laurie_Garrett: Two separate models predict US #COVID19 death toll will nearly 2X by late June, nearing 135,000 souls, but the @WhiteHo¡¦",FALSE,0,NA,2020-05-06 00:58:46,FALSE,NA,"1257837175854546944",NA,"<a href=""http://twitter.com/download/iphone"" rel=""nofollow"">Twitter for iPhone</a>","__Chimaera",248,TRUE,FALSE,NA,NA
"RT @WonderWoman2KAG: I was going to ask when our murder hornet stimulus checks will arrive, &amp; then I saw this video. The media won't show u¡¦",FALSE,0,NA,2020-05-06 00:58:45,FALSE,NA,"1257837168384507904",NA,"<a href=""http://twitter.com"" rel=""nofollow"">Twitter Web Client</a>","DanaMil70590816",330,TRUE,FALSE,NA,NA
"RT @MrsC_Assange: 1/4 #Trump Administrations Prosecution of journalist Julian Assange

2O10 interview:
#Trump re @Wikileaks

"" I think its¡¦",FALSE,0,NA,2020-05-06 00:58:39,FALSE,NA,"1257837145810563072",NA,"<a href=""https://mobile.twitter.com"" rel=""nofollow"">Twitter Web App</a>","darthhatter00",8,TRUE,FALSE,NA,NA
"RT @Sassy4Trump: NO To Mail In Voting!! Make Voter ID Required!! #TRUMP 
#MAGAROLLERCOASTER 
<U+0001F5F3>@POLITICALWAROOM 
<U+2705>@KiltyJeremy 
<U+0001F5F3>@titan428¡¦",FALSE,0,NA,2020-05-06 00:58:38,FALSE,NA,"1257837138906959874",NA,"<a href=""https://mobile.twitter.com"" rel=""nofollow"">Twitter Web App</a>","Jersey327",223,TRUE,FALSE,NA,NA
"RT @martinkay11: Isn¡¯t it a bit odd that @realDonaldTrump @GOP haven¡¯t implemented the ¡®hopes and prayers¡¯ strategy to handle Covid-19 that¡¦",FALSE,0,NA,2020-05-06 00:58:36,FALSE,NA,"1257837133257232385",NA,"<a href=""https://about.twitter.com/products/tweetdeck"" rel=""nofollow"">TweetDeck</a>","PeaceAmendment",2,TRUE,FALSE,NA,NA
"@realDonaldTrump You could learn a thing or two about leadership from those who know how to do it. Pres George Bush¡¦ https://t.co/4JObglA3wS",FALSE,0,"realDonaldTrump",2020-05-06 00:58:34,TRUE,NA,"1257837126021939202","25073877","<a href=""http://twitter.com/download/iphone"" rel=""nofollow"">Twitter for iPhone</a>","JFM1206",0,FALSE,FALSE,NA,NA
"@JonLemire Let¡¯s hope she finally steps down and takes it easy for whatever time she has left to enjoy with her fam¡¦ https://t.co/jibyQpAlxB",FALSE,0,"JonLemire",2020-05-06 00:58:34,TRUE,"1257832609083789312","1257837125606621184","182398325","<a href=""http://twitter.com/download/iphone"" rel=""nofollow"">Twitter for iPhone</a>","SundevilSal",0,FALSE,FALSE,NA,NA
"RT @KayRonDeeDee: Our neighbor cut down our Trump 2020 flag in our front yard last night. It¡¯s being replaced immediately. We will win 2020¡¦",FALSE,0,NA,2020-05-06 00:58:34,FALSE,NA,"1257837124533071874",NA,"<a href=""http://twitter.com/download/android"" rel=""nofollow"">Twitter for Android</a>","Dolly0811",12403,TRUE,FALSE,NA,NA
"RT @Redzee98: @FAIRImmigration @DailyCaller @thejasonhopkins Agree, nothing wrong with immigrants, LEGAL #immigrants who come here to be pr¡¦",FALSE,0,NA,2020-05-06 00:58:33,FALSE,NA,"1257837121034911751",NA,"<a href=""http://twitter.com/download/android"" rel=""nofollow"">Twitter for Android</a>","DebbieH35854212",1,TRUE,FALSE,NA,NA
"#LincolnProject #Trump #MourningInAmerica
The Lincoln Project: 'Mourning in America' | Campaign 2020 https://t.co/GC6HN9BE01",FALSE,0,NA,2020-05-06 00:58:32,FALSE,NA,"1257837116203155457",NA,"<a href=""http://twitter.com/download/android"" rel=""nofollow"">Twitter for Android</a>","Lainey_Classy",0,FALSE,FALSE,NA,NA
"RT @Cathygraphics1: @ddale8 #COVIDIOT, the US response is one of the worst PER CAPITA in the world. Every tweet from aTrump is #FakeNews. H¡¦",FALSE,0,NA,2020-05-06 00:58:28,FALSE,NA,"1257837098880634880",NA,"<a href=""http://twitter.com/download/iphone"" rel=""nofollow"">Twitter for iPhone</a>","littlewingcares",2,TRUE,FALSE,NA,NA
"@candies2639 @JMareeG F*ck the #trump regime.",FALSE,0,"candies2639",2020-05-06 00:58:23,FALSE,"1257831354005422080","1257837076751368194","799718923541291008","<a href=""https://mobile.twitter.com"" rel=""nofollow"">Twitter Web App</a>","RPorkins",0,FALSE,FALSE,NA,NA
"RT @mog7546: #Trump's public insistence that #hydroxychloroquine was effective at treating Covid-19, he faced SUSTAINED PRESSURE from HHS o¡¦",FALSE,0,NA,2020-05-06 00:58:20,FALSE,NA,"1257837067117223936",NA,"<a href=""http://twitter.com/download/iphone"" rel=""nofollow"">Twitter for iPhone</a>","shadyasstimes",14,TRUE,FALSE,NA,NA
"Fuck you #Trump for only caring about your election. To hell to us Americans that are dealing with covid19. Now u w¡¦ https://t.co/pK2JxBupVd",FALSE,0,NA,2020-05-06 00:58:20,TRUE,NA,"1257837064801918979",NA,"<a href=""http://twitter.com/download/android"" rel=""nofollow"">Twitter for Android</a>","Dawnnola1",0,FALSE,FALSE,NA,NA
"Fauci Dismisses Theory From Trump, Pompeo That Coronavirus Emerged From Chinese Lab..#Trump..#GOP..#COVID<U+30FC>19",FALSE,0,NA,2020-05-06 00:58:18,FALSE,NA,"1257837056694386689",NA,"<a href=""https://www.hootsuite.com"" rel=""nofollow"">Hootsuite Inc.</a>","jetboy24",0,FALSE,FALSE,NA,NA
"RT @cognitivediss00: @Gal_NYCA ABSOLUTELY.... How did this happen that a #Trump FBI Director is actually #deepstate?  Who advised Trump???¡¦",FALSE,0,NA,2020-05-06 00:58:18,FALSE,NA,"1257837055364739074",NA,"<a href=""https://mobile.twitter.com"" rel=""nofollow"">Twitter Web App</a>","BagBurlap",43,TRUE,FALSE,NA,NA
"RT @Eugene04189968: #Trump #nurse #Frontline
The Hospital CEOs Keeping Seven-Figure Salaries as Frontline Workers Go Without Pay https://t.¡¦",FALSE,0,NA,2020-05-06 00:58:14,FALSE,NA,"1257837042182041600",NA,"<a href=""http://twitter.com/download/iphone"" rel=""nofollow"">Twitter for iPhone</a>","Linda79003355",6,TRUE,FALSE,NA,NA
"Fauci Dismisses Theory From Trump, Pompeo That Coronavirus Emerged From Chinese Lab..#Trump..#GOP..#COVID<U+30FC>19",FALSE,0,NA,2020-05-06 00:58:11,FALSE,NA,"1257837027585929216",NA,"<a href=""https://mobile.twitter.com"" rel=""nofollow"">Twitter Web App</a>","crypticvalentin",0,FALSE,FALSE,NA,NA
"RT @zeusFanHouse: CNN Sends #Trump Campaign #CeaseAndDesist Letter For ¡®Deceptive¡¯ Ad Showing #CNN Agreeing His Actions Saved Lives; Campai¡¦",FALSE,0,NA,2020-05-06 00:58:08,FALSE,NA,"1257837016261300225",NA,"<a href=""http://twitter.com/download/iphone"" rel=""nofollow"">Twitter for iPhone</a>","moralsdomatter",216,TRUE,FALSE,NA,NA
"RT @gforce_superman: Eureka. And while people are dying of Corona, a much more lethal threat is being constructed. Pompeo is on it. As long¡¦",FALSE,0,NA,2020-05-06 00:58:06,FALSE,NA,"1257837005339230210",NA,"<a href=""http://twitter.com/download/iphone"" rel=""nofollow"">Twitter for iPhone</a>","AllesOverLinks",2,TRUE,FALSE,NA,NA
"@JoeBiden!
U have done zip to
be trusted. When U
we're @VP for Obama
U allowed corruption
to run free and wild.
One¡¦ https://t.co/5wRN1raMMX",FALSE,0,"RonaldNJPoem",2020-05-06 00:58:02,TRUE,"1257564992498532353","1257836988234895363","2950557665","<a href=""http://twitter.com/download/android"" rel=""nofollow"">Twitter for Android</a>","RonaldNJPoem",0,FALSE,FALSE,NA,NA
"RT @BetteMidler: #Trump claims because he had a ¡°super-genius¡± scientist uncle, he has a mind for science too. ¡°It¡¯s in my blood, I¡¯m smart¡¦",FALSE,0,NA,2020-05-06 00:58:01,FALSE,NA,"1257836984485187587",NA,"<a href=""http://twitter.com/#!/download/ipad"" rel=""nofollow"">Twitter for iPad</a>","Mary15875412",292,TRUE,FALSE,NA,NA
"RT @being_steve: #Trump just laid out the @GOP 2020 platform: Lower taxes on those employed, eliminate many taxes on the rich, and make it¡¦",FALSE,0,NA,2020-05-06 00:58:01,FALSE,NA,"1257836983512174594",NA,"<a href=""https://mobile.twitter.com"" rel=""nofollow"">Twitter Web App</a>","WildPalmsLtd",34,TRUE,FALSE,NA,NA
"RT @ProLifeVet4Life: If a monkey can be trained to abduct children, so can humans.  

We are at war and the currency is children. We must p¡¦",FALSE,0,NA,2020-05-06 00:57:56,FALSE,NA,"1257836965405351939",NA,"<a href=""http://twitter.com/download/android"" rel=""nofollow"">Twitter for Android</a>","kjhare9",33,TRUE,FALSE,NA,NA
"RT @RichforGA: I have seen the real polls in #GA07!   .@realDonaldTrump approval numbers are through the roof!!!   Don¡¯t listen to the fake¡¦",FALSE,0,NA,2020-05-06 00:57:54,FALSE,NA,"1257836956018372611",NA,"<a href=""http://twitter.com/download/android"" rel=""nofollow"">Twitter for Android</a>","HemberaSandra",201,TRUE,FALSE,NA,NA
"RT @Laurie_Garrett: Two separate models predict US #COVID19 death toll will nearly 2X by late June, nearing 135,000 souls, but the @WhiteHo¡¦",FALSE,0,NA,2020-05-06 00:57:49,FALSE,NA,"1257836935873277954",NA,"<a href=""http://twitter.com/download/android"" rel=""nofollow"">Twitter for Android</a>","freesandstorm",248,TRUE,FALSE,NA,NA
"You can tell it was a #Trump plan because it failed. https://t.co/XlIM6jS9dr",FALSE,0,NA,2020-05-06 00:57:48,FALSE,NA,"1257836929845846016",NA,"<a href=""http://twitter.com/download/iphone"" rel=""nofollow"">Twitter for iPhone</a>","drgonzo123",0,FALSE,FALSE,NA,NA
"#RealityCheck #Trump lied about #Covid19 #CoronaPandemic @VP @Mike_Pence @POTUS @realDonaldTrump @SenateDems¡¦ https://t.co/ZEa5HJCf74",FALSE,0,NA,2020-05-06 00:57:46,TRUE,NA,"1257836924557025285",NA,"<a href=""http://twitter.com/download/iphone"" rel=""nofollow"">Twitter for iPhone</a>","ohioblueyes",0,FALSE,FALSE,NA,NA
"@AC360 @andersoncooper Corona death will soon be secondary to the war mongering being prepared. Pompeo is on it. A¡¦ https://t.co/rBNpm8c8Bw",FALSE,0,"AC360",2020-05-06 00:57:45,TRUE,"1257826894852096000","1257836916994695168","227837742","<a href=""http://twitter.com/download/android"" rel=""nofollow"">Twitter for Android</a>","gforce_superman",0,FALSE,FALSE,NA,NA
"He¡¯s such an asshole #trump https://t.co/ZbYFplR81N",FALSE,0,NA,2020-05-06 00:57:44,FALSE,NA,"1257836915279134722",NA,"<a href=""http://twitter.com/download/iphone"" rel=""nofollow"">Twitter for iPhone</a>","sonicdjc",0,FALSE,FALSE,NA,NA
"RT @ProLifeVet4Life: So coming from the person that main stream media tours as the #Expert even says there is nothing more @POTUS @realDona¡¦",FALSE,0,NA,2020-05-06 00:57:43,FALSE,NA,"1257836912175439878",NA,"<a href=""https://mobile.twitter.com"" rel=""nofollow"">Twitter Web App</a>","KateDaGreat1111",119,TRUE,FALSE,NA,NA
"""I'm willing to salvage the economy by risking your life"" #Trump to the American people.",FALSE,0,NA,2020-05-06 00:57:41,FALSE,NA,"1257836902314541060",NA,"<a href=""https://mobile.twitter.com"" rel=""nofollow"">Twitter Web App</a>","SiHo2021",0,FALSE,FALSE,NA,NA
"RT @RichforGA: I have seen the real polls in #GA07!   .@realDonaldTrump approval numbers are through the roof!!!   Don¡¯t listen to the fake¡¦",FALSE,0,NA,2020-05-06 00:57:38,FALSE,NA,"1257836888049586182",NA,"<a href=""https://mobile.twitter.com"" rel=""nofollow"">Twitter Web App</a>","Julia5180",201,TRUE,FALSE,NA,NA
"RT @KayRonDeeDee: Our neighbor cut down our Trump 2020 flag in our front yard last night. It¡¯s being replaced immediately. We will win 2020¡¦",FALSE,0,NA,2020-05-06 00:57:36,FALSE,NA,"1257836879854145539",NA,"<a href=""http://twitter.com/download/android"" rel=""nofollow"">Twitter for Android</a>","concho1966",12403,TRUE,FALSE,NA,NA
"@SteveRustad1 Except, dickhead, no one in the #Trump administration incurred this nor could prevent it. Lookee here¡¦ https://t.co/lTqdVK5WpO",FALSE,0,"SteveRustad1",2020-05-06 00:57:35,TRUE,"1257736691739213826","1257836874950901762","862315394","<a href=""https://mobile.twitter.com"" rel=""nofollow"">Twitter Web App</a>","freetheco2",0,FALSE,FALSE,NA,NA
"RT @Laurie_Garrett: This just released by @WhiteHouse -- a fairly crude attempt to match #Trump admin ""rosy"" forecasts of declining #COVID1¡¦",FALSE,0,NA,2020-05-06 00:57:33,FALSE,NA,"1257836868168794113",NA,"<a href=""https://mobile.twitter.com"" rel=""nofollow"">Twitter Web App</a>","TallulahB2012",57,TRUE,FALSE,NA,NA
"Kudos to those two...I would consider it an honor to irritate that ASS! #Trump #Whitehousepresser #Coronavirus https://t.co/zXTykDVagZ",FALSE,0,NA,2020-05-06 00:57:33,FALSE,NA,"1257836866663067649",NA,"<a href=""http://twitter.com/download/iphone"" rel=""nofollow"">Twitter for iPhone</a>","authenticreel",0,FALSE,FALSE,NA,NA
"Why haven't any of you even thought
about why #Trump is exposed to countless
people infected with the Kung Flu and¡¦ https://t.co/raYYE2wb4v",FALSE,0,NA,2020-05-06 00:57:29,TRUE,NA,"1257836850506600448",NA,"<a href=""https://mobile.twitter.com"" rel=""nofollow"">Twitter Web App</a>","IMRustyHooks",0,FALSE,FALSE,NA,NA
"RT @lgutwein99_31: Aerial video of the half mile #Trump #KeepAmericaGreat @realDonaldTrump @VP @DavidJHarrisJr https://t.co/5xDYJh1MAY",FALSE,0,NA,2020-05-06 00:57:22,FALSE,NA,"1257836820634783744",NA,"<a href=""http://twitter.com/download/android"" rel=""nofollow"">Twitter for Android</a>","QWarriorInCt",1335,TRUE,FALSE,NA,NA
"RT @LadyRedWave: #Trump Demands #Schiff Be Investigated For TREASON

https://t.co/eGr2ibYr4V",FALSE,0,NA,2020-05-06 00:57:18,FALSE,NA,"1257836807007473666",NA,"<a href=""https://mobile.twitter.com"" rel=""nofollow"">Twitter Web App</a>","InfiniDuck",47,TRUE,FALSE,NA,NA
"Omg, this was done on purpose. I love whoever did it. #Honeywell #LiveAndLetDie #Trump https://t.co/ugCtfZuCOY",FALSE,0,NA,2020-05-06 00:57:18,FALSE,NA,"1257836804889358336",NA,"<a href=""http://twitter.com/download/android"" rel=""nofollow"">Twitter for Android</a>","embeessem",0,FALSE,FALSE,NA,NA
"RT @cowards_are_us: @senatemajldr @GOPLeader @VP &amp; @LindseyGrahamSC ALL PROTECT A SCUMBAG THAT SPENDS HIS TIME SCHEMING &amp; NOTHING ELSE! #Tr¡¦",FALSE,0,NA,2020-05-06 00:57:17,FALSE,NA,"1257836800174931970",NA,"<a href=""https://about.twitter.com/products/tweetdeck"" rel=""nofollow"">TweetDeck</a>","cowards_are_us",254,TRUE,FALSE,NA,NA
"RT @MrsC_Assange: #Trump on @Wikileaks

""I think its disgraceful..
Should be the death penalty or something""

#SaveJulian 
#FreeAssange htt¡¦",FALSE,0,NA,2020-05-06 00:57:17,FALSE,NA,"1257836799273164800",NA,"<a href=""https://mobile.twitter.com"" rel=""nofollow"">Twitter Web App</a>","ClaatBomba",8,TRUE,FALSE,NA,NA
"72,000 + dead. #Trump wants to reopen the economy. The same virus is still out there that was here in March. It's n¡¦ https://t.co/YEHLIrWNC4",FALSE,0,NA,2020-05-06 00:57:15,TRUE,NA,"1257836794533621760",NA,"<a href=""https://mobile.twitter.com"" rel=""nofollow"">Twitter Web App</a>","SiHo2021",0,FALSE,FALSE,NA,NA
"@Acosta @Acosta because it¡¯s a great song...Love it Jim...#KAG #TRUMP/PENCE #2020 #4MOREYEARS<U+0001F1FA><U+0001F1F8><U+0001F1FA><U+0001F1F8><U+0001F1FA><U+0001F1F8><U+0001F1FA><U+0001F1F8><U+0001F1FA><U+0001F1F8><U+0001F1FA><U+0001F1F8><U+0001F1FA><U+0001F1F8><U+0001F1FA><U+0001F1F8><U+0001F1FA><U+0001F1F8><U+0001F1FA><U+0001F1F8><U+0001F1FA><U+0001F1F8>¡¦ https://t.co/bUQpvnBRM7",FALSE,0,"Acosta",2020-05-06 00:57:13,TRUE,"1257791564719382528","1257836782986702852","22771961","<a href=""http://twitter.com/download/iphone"" rel=""nofollow"">Twitter for iPhone</a>","SabatiniDetails",0,FALSE,FALSE,NA,NA
"RT @Cathygraphics1: @ddale8 #COVIDIOT, the US response is one of the worst PER CAPITA in the world. Every tweet from aTrump is #FakeNews. H¡¦",FALSE,0,NA,2020-05-06 00:57:12,FALSE,NA,"1257836778389737472",NA,"<a href=""http://twitter.com/download/android"" rel=""nofollow"">Twitter for Android</a>","nexusmt4",2,TRUE,FALSE,NA,NA
"RT @AndyOstroy: @realDonaldTrump A sociopath...alone in a house he doesn¡¯t belong in...in a job he¡¯s not qualified for...during a national¡¦",FALSE,0,NA,2020-05-06 00:57:08,FALSE,NA,"1257836764170907649",NA,"<a href=""http://twitter.com/download/iphone"" rel=""nofollow"">Twitter for iPhone</a>","DogwartsJ",1568,TRUE,FALSE,NA,NA
"RT @socalaura: @LeeHolly81 @realDonaldTrump #Trump will address West Point  cadets in person, endangering them &amp; families https://t.co/Zhpm¡¦",FALSE,0,NA,2020-05-06 00:57:05,FALSE,NA,"1257836752385052675",NA,"<a href=""http://twitter.com/download/iphone"" rel=""nofollow"">Twitter for iPhone</a>","CrobiwanKenobi",59,TRUE,FALSE,NA,NA
"RT @RichardAngwin: Trump orders meat plants to stay open as worker deaths rise

#Resist #Trump #1u #COVID #StayHome #MayDay2020 #LaborDay #¡¦",FALSE,0,NA,2020-05-06 00:57:05,FALSE,NA,"1257836750958768130",NA,"<a href=""http://twitter.com/download/android"" rel=""nofollow"">Twitter for Android</a>","woundeadshadow",648,TRUE,FALSE,NA,NA
"Disease Experts Expand The List Of Coronavirus Symptoms Get You Mask and Covers Here! https://t.co/JlBBa05rEm¡¦ https://t.co/NMp9jy2dex",FALSE,0,NA,2020-05-06 00:57:05,TRUE,NA,"1257836748941529088",NA,"<a href=""http://www.akidthaine.com"" rel=""nofollow"">Clickclickme</a>","bitcoinconnect",0,FALSE,FALSE,NA,NA
"RT @dailysoundnfury: ""Trump's actions are a war on seniors. He is insisting on threatening Social Security on which most seniors rely for t¡¦",FALSE,0,NA,2020-05-06 00:57:04,FALSE,NA,"1257836745720201216",NA,"<a href=""https://mobile.twitter.com"" rel=""nofollow"">Twitter Web App</a>","debrascornett1",7,TRUE,FALSE,NA,NA
"RT @socalaura: @LeeHolly81 @realDonaldTrump #Trump will address West Point  cadets in person, endangering them &amp; families https://t.co/Zhpm¡¦",FALSE,0,NA,2020-05-06 00:57:03,FALSE,NA,"1257836741186260995",NA,"<a href=""http://twitter.com/download/android"" rel=""nofollow"">Twitter for Android</a>","Festus33766316",59,TRUE,FALSE,NA,NA
"RT @Hawkins63380495: #Hospital #coronavirus #Trump
The Hospital CEOs Keeping Seven-Figure Salaries as Frontline Workers Go Without Pay http¡¦",FALSE,0,NA,2020-05-06 00:57:02,FALSE,NA,"1257836738237603842",NA,"<a href=""http://twitter.com/download/iphone"" rel=""nofollow"">Twitter for iPhone</a>","Linda79003355",6,TRUE,FALSE,NA,NA
"The result of denying #COVID19. It's not a hoax &amp; it's not a Dem move to hurt #Trump. That's just  a #Cult45 conspi¡¦ https://t.co/mG7sJ7I4SA",FALSE,0,NA,2020-05-06 00:57:01,TRUE,NA,"1257836732650795010",NA,"<a href=""http://twitter.com/download/android"" rel=""nofollow"">Twitter for Android</a>","vapermom",0,FALSE,FALSE,NA,NA
"@donlemon....#Trump #obsession with Obama continues <U+0001F644> https://t.co/uCBcKPg8ZU",FALSE,0,"donlemon",2020-05-06 00:56:59,FALSE,NA,"1257836726380376069","16051471","<a href=""http://twitter.com/#!/download/ipad"" rel=""nofollow"">Twitter for iPad</a>","Kevinsevenup",0,FALSE,FALSE,NA,NA
"RT @PeterYacobucci: @ZekeJMiller FFS how shallow must you be to not wear a mask AT A MASK FACTORY DURING A PANDEMIC?!? #TRUMP",FALSE,0,NA,2020-05-06 00:56:57,FALSE,NA,"1257836718683762688",NA,"<a href=""http://www.theawkwardrepublican.com"" rel=""nofollow"">Republican Tweets</a>","TheAwkwardGOP",1,TRUE,FALSE,NA,NA
"@ddale8 #COVIDIOT, the US response is one of the worst PER CAPITA in the world. Every tweet from aTrump is¡¦ https://t.co/eH3elCLpQD",FALSE,7,"ddale8",2020-05-06 00:56:54,TRUE,"1257836522805563397","1257836706415460352","225265639","<a href=""http://twitter.com/download/iphone"" rel=""nofollow"">Twitter for iPhone</a>","Cathygraphics1",2,FALSE,FALSE,NA,NA
"RT @mog7546: #Trump's public insistence that #hydroxychloroquine was effective at treating Covid-19, he faced SUSTAINED PRESSURE from HHS o¡¦",FALSE,0,NA,2020-05-06 00:56:51,FALSE,NA,"1257836691450200071",NA,"<a href=""https://mobile.twitter.com"" rel=""nofollow"">Twitter Web App</a>","Insanity_2016",14,TRUE,FALSE,NA,NA
"RT @Partisangirl: Shortened Montage of #Iran's Ballistic missile retaliation on what #Trump described as an ""extraordinarily expensive airb¡¦",FALSE,0,NA,2020-05-06 00:56:46,FALSE,NA,"1257836669803380736",NA,"<a href=""https://mobile.twitter.com"" rel=""nofollow"">Twitter Web App</a>","FRG_Berlin_GDR",464,TRUE,FALSE,NA,NA
"RT @AndyOstroy: This is hiliarious. The moron who knows nothing about anything thinks he knows everything better than anyone... #Trump http¡¦",FALSE,0,NA,2020-05-06 00:56:42,FALSE,NA,"1257836653525250049",NA,"<a href=""http://twitter.com/download/iphone"" rel=""nofollow"">Twitter for iPhone</a>","ChristineIAm",550,TRUE,FALSE,NA,NA
"RT @socalaura: @LeeHolly81 @realDonaldTrump #Trump will address West Point  cadets in person, endangering them &amp; families https://t.co/Zhpm¡¦",FALSE,0,NA,2020-05-06 00:56:40,FALSE,NA,"1257836647460331520",NA,"<a href=""http://www.theawkwardrepublican.com"" rel=""nofollow"">Republican Tweets</a>","TheAwkwardGOP",59,TRUE,FALSE,NA,NA
"RT @Jewel4Trump: For 3+ yrs #MSM¡¯s been paid to brainwash Americans w 
¡®#OBAMA GOOD #TRUMP BAD¡¯ as those MF¡¯ers:

<U+2714><U+FE0F>Trafficked our kids/dru¡¦",FALSE,0,NA,2020-05-06 00:56:39,FALSE,NA,"1257836643043721216",NA,"<a href=""https://mobile.twitter.com"" rel=""nofollow"">Twitter Web App</a>","Itsoktoday1",289,TRUE,FALSE,NA,NA
"RT @donnasfineart: @binbing59 @realDonaldTrump FYI: #Trump is planning on ENDING the #TaskForce re: #COVID19 <U+0001F633>EXCUSE ME?

Let me ask everyo¡¦",FALSE,0,NA,2020-05-06 00:56:38,FALSE,NA,"1257836639231098880",NA,"<a href=""http://twitter.com/#!/download/ipad"" rel=""nofollow"">Twitter for iPad</a>","ulysses23",11,TRUE,FALSE,NA,NA
"The most thin-skinned, petty American is our president. #Trump #TrumpIsAnIdiot https://t.co/AGUCrYTQl1",FALSE,0,NA,2020-05-06 00:56:30,FALSE,NA,"1257836602820190208",NA,"<a href=""http://twitter.com/download/android"" rel=""nofollow"">Twitter for Android</a>","CDiNicolo",0,FALSE,FALSE,NA,NA
"RT @Laurie_Garrett: Two separate models predict US #COVID19 death toll will nearly 2X by late June, nearing 135,000 souls, but the @WhiteHo¡¦",FALSE,0,NA,2020-05-06 00:56:29,FALSE,NA,"1257836600421163008",NA,"<a href=""http://twitter.com/download/iphone"" rel=""nofollow"">Twitter for iPhone</a>","attykrice",248,TRUE,FALSE,NA,NA
"RT @RichforGA: I have seen the real polls in #GA07!   .@realDonaldTrump approval numbers are through the roof!!!   Don¡¯t listen to the fake¡¦",FALSE,0,NA,2020-05-06 00:56:25,FALSE,NA,"1257836581618159620",NA,"<a href=""http://twitter.com/download/iphone"" rel=""nofollow"">Twitter for iPhone</a>","dmca91",201,TRUE,FALSE,NA,NA
"RT @ASB_Breaking: BREAKING: The American Private military company that botched the #Venezuela coup provided security at #Trump¡¯s rallies",FALSE,0,NA,2020-05-06 00:56:23,FALSE,NA,"1257836576274595840",NA,"<a href=""http://www.theawkwardrepublican.com"" rel=""nofollow"">Republican Tweets</a>","TheAwkwardGOP",87,TRUE,FALSE,NA,NA
"RT @mog7546: #Trump explains WHY AMERICANS MUST DIE to reopen the economy

""It's time to open it up,"" he said a bit ago in #Arizona. ""Will¡¦",FALSE,0,NA,2020-05-06 00:56:23,FALSE,NA,"1257836573665656843",NA,"<a href=""http://twitter.com/download/iphone"" rel=""nofollow"">Twitter for iPhone</a>","Tanyachambers76",60,TRUE,FALSE,NA,NA
"72,000 + dead. #Trump wants to reopen the economy. The same virus is still out there that was here in March. It's n¡¦ https://t.co/ABfvpbiJXS",FALSE,0,NA,2020-05-06 00:56:19,TRUE,NA,"1257836556372652037",NA,"<a href=""https://mobile.twitter.com"" rel=""nofollow"">Twitter Web App</a>","SiHo2021",0,FALSE,FALSE,NA,NA
"RT @deAdder: Cartoon for @chronicleherald #TrumpPressBriefing #TrumpTownHall #FoxNews #LincolnMemorial #trump #Trump2020 https://t.co/JfWSq¡¦",FALSE,0,NA,2020-05-06 00:56:16,FALSE,NA,"1257836544775372802",NA,"<a href=""http://twitter.com/download/android"" rel=""nofollow"">Twitter for Android</a>","LostFaith17",928,TRUE,FALSE,NA,NA
"RT @ASB_Breaking: BREAKING: The American Private military company that botched the #Venezuela coup provided security at #Trump¡¯s rallies",FALSE,0,NA,2020-05-06 00:56:15,FALSE,NA,"1257836542372044807",NA,"<a href=""http://twitter.com/download/android"" rel=""nofollow"">Twitter for Android</a>","borntolose77",87,TRUE,FALSE,NA,NA
"RT @socalaura: @LeeHolly81 @realDonaldTrump #Trump will address West Point  cadets in person, endangering them &amp; families https://t.co/Zhpm¡¦",FALSE,0,NA,2020-05-06 00:56:10,FALSE,NA,"1257836518254825474",NA,"<a href=""http://twitter.com/download/iphone"" rel=""nofollow"">Twitter for iPhone</a>","AmericanStar6",59,TRUE,FALSE,NA,NA
"@ZekeJMiller FFS how shallow must you be to not wear a mask AT A MASK FACTORY DURING A PANDEMIC?!? #TRUMP",FALSE,0,"ZekeJMiller",2020-05-06 00:56:09,FALSE,"1257781069421539329","1257836516665167881","21316253","<a href=""http://twitter.com/download/android"" rel=""nofollow"">Twitter for Android</a>","PeterYacobucci",1,FALSE,FALSE,NA,NA
"Trump executive order didn't stop meat plant closures. Seven more shut in the past week. - https://t.co/MhQ8QQ9UoO¡¦ https://t.co/yqLWB6alBL",FALSE,0,NA,2020-05-06 00:56:09,TRUE,NA,"1257836515067154435",NA,"<a href=""https://diypotus.com"" rel=""nofollow"">DIYPOTUSAPP</a>","diypotus",2,FALSE,FALSE,NA,NA
"RT @lgutwein99_31: Aerial video of the half mile #Trump #KeepAmericaGreat @realDonaldTrump @VP @DavidJHarrisJr https://t.co/5xDYJh1MAY",FALSE,0,NA,2020-05-06 00:56:09,FALSE,NA,"1257836514563600385",NA,"<a href=""http://twitter.com/download/iphone"" rel=""nofollow"">Twitter for iPhone</a>","tnvtruthseekers",1335,TRUE,FALSE,NA,NA
"RT @GoodFactoryGoo: @realDonaldTrump Angry &amp; Bitter LLC!
Trump is a fraud &amp; a fake!
He knows it!
Everyone knows it!
Everyone is talking abo¡¦",FALSE,0,NA,2020-05-06 00:56:08,FALSE,NA,"1257836510696669191",NA,"<a href=""https://mobile.twitter.com"" rel=""nofollow"">Twitter Web App</a>","riley_shel",3,TRUE,FALSE,NA,NA
"@realDonaldTrump @honeywell America salutes your great leadership during this terrible time,  Donald.

Ps. Wear you¡¦ https://t.co/1bcCZo69Pa",FALSE,0,"realDonaldTrump",2020-05-06 00:56:06,TRUE,"1257793742540386304","1257836501691518977","25073877","<a href=""http://twitter.com/download/android"" rel=""nofollow"">Twitter for Android</a>","rlbertuzzi",0,FALSE,FALSE,NA,NA
"RT @deAdder: Cartoon for @chronicleherald #TrumpPressBriefing #TrumpTownHall #FoxNews #LincolnMemorial #trump #Trump2020 https://t.co/JfWSq¡¦",FALSE,0,NA,2020-05-06 00:56:03,FALSE,NA,"1257836490568151040",NA,"<a href=""http://twitter.com/download/android"" rel=""nofollow"">Twitter for Android</a>","Airtrix2",928,TRUE,FALSE,NA,NA
"RT @cjtruth: ¡°I am a Democrat but when I come out here this is WE THE PEOPLE!¡±. <U+0001F1FA><U+0001F1F8> #trump #donaldtrump #maga2020 #presidenttrump #americafi¡¦",FALSE,0,NA,2020-05-06 00:56:02,FALSE,NA,"1257836487329996800",NA,"<a href=""https://about.twitter.com/products/tweetdeck"" rel=""nofollow"">TweetDeck</a>","LuanaMacLac",1531,TRUE,FALSE,NA,NA
"RT @IMundebo: @realDonaldTrump #Sudafed #Trump #HighAsAKite 

Where¡¯s your prescription for your YUGE stash of UK Sudafed? https://t.co/nJs¡¦",FALSE,0,NA,2020-05-06 00:55:59,FALSE,NA,"1257836472784375808",NA,"<a href=""https://mobile.twitter.com"" rel=""nofollow"">Twitter Web App</a>","CuponerasOnline",7,TRUE,FALSE,NA,NA
"RT @JimAshley007: @POTUS @realDonaldTrump profoundly says:

¡°We built the greatest economy the world has ever seen, and we¡¯re going to do i¡¦",FALSE,0,NA,2020-05-06 00:55:50,FALSE,NA,"1257836434511278080",NA,"<a href=""http://twitter.com/download/iphone"" rel=""nofollow"">Twitter for iPhone</a>","shirlee92125879",39,TRUE,FALSE,NA,NA
"RT @deAdder: Cartoon for @chronicleherald #TrumpPressBriefing #TrumpTownHall #FoxNews #LincolnMemorial #trump #Trump2020 https://t.co/JfWSq¡¦",FALSE,0,NA,2020-05-06 00:55:48,FALSE,NA,"1257836429398249484",NA,"<a href=""http://twitter.com/download/iphone"" rel=""nofollow"">Twitter for iPhone</a>","macojicannuck",928,TRUE,FALSE,NA,NA
"1/ It's not feasible for California to leave the Union, but if things continue the way they are, and especially if¡¦ https://t.co/mYpYozoexg",FALSE,0,NA,2020-05-06 00:55:48,TRUE,NA,"1257836427670241280",NA,"<a href=""https://mobile.twitter.com"" rel=""nofollow"">Twitter Web App</a>","jwsapp",0,FALSE,FALSE,NA,NA
"I¡¯m sure ted Cruz and the other gop will be like ¡°but the identity of the whistle blower¡±. #trump ignored warning i¡¦ https://t.co/OfEib7eb1e",FALSE,0,NA,2020-05-06 00:55:46,TRUE,NA,"1257836418958852096",NA,"<a href=""http://twitter.com/download/iphone"" rel=""nofollow"">Twitter for iPhone</a>","Dagstear",0,FALSE,FALSE,NA,NA
"RT @KayRonDeeDee: Our neighbor cut down our Trump 2020 flag in our front yard last night. It¡¯s being replaced immediately. We will win 2020¡¦",FALSE,0,NA,2020-05-06 00:55:43,FALSE,NA,"1257836406400925696",NA,"<a href=""http://twitter.com/download/iphone"" rel=""nofollow"">Twitter for iPhone</a>","Christwins777",12403,TRUE,FALSE,NA,NA
"@VP @Mike_Pence @POTUS @realDonaldTrump #RealityCheck #trump lied about #COVID19 #coronavirus @SenateDems¡¦ https://t.co/fm20VTza8O",FALSE,0,"VP",2020-05-06 00:55:40,TRUE,NA,"1257836392454991873","818910970567344128","<a href=""http://twitter.com/download/iphone"" rel=""nofollow"">Twitter for iPhone</a>","ohioblueyes",0,FALSE,FALSE,NA,NA
"RT @MrsC_Assange: #Trump on @Wikileaks

""I think its disgraceful..
Should be the death penalty or something""

#SaveJulian 
#FreeAssange htt¡¦",FALSE,0,NA,2020-05-06 00:55:39,FALSE,NA,"1257836391662120960",NA,"<a href=""https://mobile.twitter.com"" rel=""nofollow"">Twitter Web App</a>","bodhibrian",8,TRUE,FALSE,NA,NA
"Two months into #socialism, who¡¯s liking it? #Trump #quarantine #FakeNewsMedia",FALSE,0,NA,2020-05-06 00:55:39,FALSE,NA,"1257836388067745797",NA,"<a href=""https://mobile.twitter.com"" rel=""nofollow"">Twitter Web App</a>","Brettlake15",0,FALSE,FALSE,NA,NA
"Eureka. And while people are dying of Corona, a much more lethal threat is being constructed. Pompeo is on it. As l¡¦ https://t.co/fcJIiX5pkX",FALSE,1,NA,2020-05-06 00:55:36,TRUE,NA,"1257836378538336264",NA,"<a href=""http://twitter.com/download/android"" rel=""nofollow"">Twitter for Android</a>","gforce_superman",2,FALSE,FALSE,NA,NA
"@jodixu @politico @RBReich @SkyNews #Coronavirus TASK FORCE paper shredders will be working overtime in the #POTUS¡¦ https://t.co/N3Fx1Vtb3V",FALSE,0,"VerekerPhoto",2020-05-06 00:55:36,TRUE,"1257829516916867073","1257836376344588288","3037206788","<a href=""http://twitter.com/download/android"" rel=""nofollow"">Twitter for Android</a>","VerekerPhoto",0,FALSE,FALSE,NA,NA
"RT @AwakenedOutlaw: File this gem in the 'Dumbest Shit Ever' file...STAT! 

FACT: Adam is going to prison.

#Schiff: If #Trump Were Removed¡¦",FALSE,0,NA,2020-05-06 00:55:32,FALSE,NA,"1257836361048039427",NA,"<a href=""http://twitter.com/download/iphone"" rel=""nofollow"">Twitter for iPhone</a>","Jocelyn37731066",24,TRUE,FALSE,NA,NA
"RT @RT_com: URGENT: #Trump says US will have ¡®definitive¡¯ report on #COVID19 origin, gives no details

https://t.co/9q7WwwUmNw https://t.co¡¦",FALSE,0,NA,2020-05-06 00:55:32,FALSE,NA,"1257836359667965952",NA,"<a href=""http://twitter.com"" rel=""nofollow"">Twitter Web Client</a>","Waldorfia",23,TRUE,FALSE,NA,NA
"RT @Jewel4Trump: For 3+ yrs #MSM¡¯s been paid to brainwash Americans w 
¡®#OBAMA GOOD #TRUMP BAD¡¯ as those MF¡¯ers:

<U+2714><U+FE0F>Trafficked our kids/dru¡¦",FALSE,0,NA,2020-05-06 00:55:32,FALSE,NA,"1257836358678298624",NA,"<a href=""http://twitter.com/download/iphone"" rel=""nofollow"">Twitter for iPhone</a>","Jewel4Trump",289,TRUE,FALSE,NA,NA
"Is Business Interruption Insurance paying for #COVID<U+30FC>19
or is a Pandemic another Exclusion? #businessinterruption¡¦ https://t.co/JjcQ8ihDzx",FALSE,0,NA,2020-05-06 00:55:25,TRUE,NA,"1257836330983264256",NA,"<a href=""https://mobile.twitter.com"" rel=""nofollow"">Twitter Web App</a>","FirstVets",0,FALSE,FALSE,NA,NA
"RT @WonderWoman2KAG: I was going to ask when our murder hornet stimulus checks will arrive, &amp; then I saw this video. The media won't show u¡¦",FALSE,0,NA,2020-05-06 00:55:24,FALSE,NA,"1257836328970006531",NA,"<a href=""http://twitter.com/download/iphone"" rel=""nofollow"">Twitter for iPhone</a>","grannyE15",330,TRUE,FALSE,NA,NA
"RT @TacticalDogLive: New to Scent of Duty store collection
<U+0001F436>Use NEWK9 code for a 20% discount in NEW products
<U+0001F69A>FREE shipping USA, half to a¡¦",FALSE,0,NA,2020-05-06 00:55:21,FALSE,NA,"1257836315812347904",NA,"<a href=""http://twitter.com/download/android"" rel=""nofollow"">Twitter for Android</a>","haro_rebecca",9,TRUE,FALSE,NA,NA
"RT @dailysoundnfury: ""Fake News is about to sue your butt old orange stable genius.""
#CNN  #FakeNews  #Media  #Trump
https://t.co/8PpC7sp6jb",FALSE,0,NA,2020-05-06 00:55:19,FALSE,NA,"1257836305884553219",NA,"<a href=""https://mobile.twitter.com"" rel=""nofollow"">Twitter Web App</a>","debrascornett1",1,TRUE,FALSE,NA,NA
"@IngrahamAngle We tried but Democrat counties n Sacramento, Los Angeles &amp; San Francisco announce fake vote totals j¡¦ https://t.co/UNEHl8mcP2",FALSE,0,"IngrahamAngle",2020-05-06 00:55:17,TRUE,"1257401894621904896","1257836297378336768","50769180","<a href=""http://twitter.com/download/android"" rel=""nofollow"">Twitter for Android</a>","xtrader7",0,FALSE,FALSE,NA,NA
"RT @alexmjordan: #JordansViewExpress 443
Order a #Trump supporter to take down his flags, you get this<U+0001F601><U+0001F1FA><U+0001F1F8><U+0001F60E>

Don't try to dictate who Americ¡¦",FALSE,0,NA,2020-05-06 00:55:16,FALSE,NA,"1257836294152941569",NA,"<a href=""http://twitter.com/download/android"" rel=""nofollow"">Twitter for Android</a>","Lawrenc26017869",359,TRUE,FALSE,NA,NA
"Another example of #Trump 's America. 
#CoronavirusUSA 
#TrumpPressConference https://t.co/p2qVJ0OCa3",FALSE,0,NA,2020-05-06 00:55:16,FALSE,NA,"1257836292882067456",NA,"<a href=""https://mobile.twitter.com"" rel=""nofollow"">Twitter Web App</a>","Darwin9876541",0,FALSE,FALSE,NA,NA
"#Trump administration stepping up initiatives to remove global #supplychains from #China, including new #tariffs to¡¦ https://t.co/zHX7Swru1R",FALSE,0,NA,2020-05-06 00:55:10,TRUE,NA,"1257836267951226886",NA,"<a href=""https://mobile.twitter.com"" rel=""nofollow"">Twitter Web App</a>","Brooklynmonk",0,FALSE,FALSE,NA,NA
"@MollyJongFast #Trump refuses to wear a mask while touring a factory making masks. #TrumpIsAnIdiot",FALSE,0,"MollyJongFast",2020-05-06 00:55:03,FALSE,"1257834913547632640","1257836238587023373","14298769","<a href=""http://twitter.com/#!/download/ipad"" rel=""nofollow"">Twitter for iPad</a>","CoreyMorrell2",0,FALSE,FALSE,NA,NA
"@The_UnSilent_ @realDonaldTrump And don¡¯t forget... that¡¯s the stronger Sudafed sold in the UK, but banned in the U¡¦ https://t.co/GYTiru3Qvj",FALSE,0,"The_UnSilent_",2020-05-06 00:55:00,TRUE,"1257729001918996485","1257836228444995584","29275869","<a href=""https://mobile.twitter.com"" rel=""nofollow"">Twitter Web App</a>","FurForceFive",0,FALSE,FALSE,NA,NA
"*Homophobes Don¡¯t Fear Homosexuals ¡¦ They Fear What¡¯s Inside Themselves*

Before continuing, one big misconception¡¦ https://t.co/U7JJWfGfek",FALSE,0,NA,2020-05-06 00:55:00,TRUE,NA,"1257836225135861760",NA,"<a href=""https://about.twitter.com/products/tweetdeck"" rel=""nofollow"">TweetDeck</a>","sillymickel",0,FALSE,FALSE,NA,NA
"RT @mog7546: It is clear why #Trump is blocking coronavirus task force members from testifying

#Kushner¡¯s response has not only been inept¡¦",FALSE,0,NA,2020-05-06 00:54:59,FALSE,NA,"1257836221994319874",NA,"<a href=""http://twitter.com/#!/download/ipad"" rel=""nofollow"">Twitter for iPad</a>","CindyCinnis",17,TRUE,FALSE,NA,NA
"RT @KayRonDeeDee: Our neighbor cut down our Trump 2020 flag in our front yard last night. It¡¯s being replaced immediately. We will win 2020¡¦",FALSE,0,NA,2020-05-06 00:54:57,FALSE,NA,"1257836213123325955",NA,"<a href=""http://twitter.com/download/iphone"" rel=""nofollow"">Twitter for iPhone</a>","MAGA_Len",12403,TRUE,FALSE,NA,NA
"Selling GTA Modded Accounts #GTA #GTAV #GTAOnline #Xboxone #PS4 #Xbox1 #Xbox                                 #GTA5¡¦ https://t.co/PxYEGj5d4D",FALSE,0,NA,2020-05-06 00:54:51,TRUE,NA,"1257836188813139971",NA,"<a href=""http://twitter.com/download/iphone"" rel=""nofollow"">Twitter for iPhone</a>","VoMods",0,FALSE,FALSE,NA,NA
"RT @timand2037: #Venezuela captured two #US #Terrorists in the coast of the state of Aragua in Chuao: Luke Alexander Denman born 22/1/1986¡¦",FALSE,0,NA,2020-05-06 00:54:49,FALSE,NA,"1257836180894289924",NA,"<a href=""http://twitter.com/download/iphone"" rel=""nofollow"">Twitter for iPhone</a>","PDP00000001",18,TRUE,FALSE,NA,NA
"@jimmykimmel @Lawrence Maybe  King #trump believes those goggles he is wearing will protect him from the #coronvirus.",FALSE,0,"jimmykimmel",2020-05-06 00:54:42,FALSE,"1257808681791455232","1257836150217195524","26053643","<a href=""http://twitter.com/download/android"" rel=""nofollow"">Twitter for Android</a>","LenBottone",0,FALSE,FALSE,NA,NA
"RT @Megavolts001: <U+0001F335>
#Arizona
#CoronaVirus
#DPA
#Honeywell
#N95 
#Respirators
#SupplyChain
#Trump 
Sammy's Mexican Grill 
https://t.co/nYt9x¡¦",FALSE,0,NA,2020-05-06 00:54:41,FALSE,NA,"1257836145234321408",NA,"<a href=""https://mobile.twitter.com"" rel=""nofollow"">Twitter Web App</a>","JohnMcGeever70",1,TRUE,FALSE,NA,NA
"RT @cjtruth: ¡°I am a Democrat but when I come out here this is WE THE PEOPLE!¡±. <U+0001F1FA><U+0001F1F8> #trump #donaldtrump #maga2020 #presidenttrump #americafi¡¦",FALSE,0,NA,2020-05-06 00:54:41,FALSE,NA,"1257836144676548608",NA,"<a href=""https://mobile.twitter.com"" rel=""nofollow"">Twitter Web App</a>","realNick_777",1531,TRUE,FALSE,NA,NA
"So the flyovers were staged for #Trump's reelection campaign ads...we have a serious problem with our tax dollars funding this.",FALSE,0,NA,2020-05-06 00:54:36,FALSE,NA,"1257836124728365057",NA,"<a href=""http://twitter.com/download/android"" rel=""nofollow"">Twitter for Android</a>","IdeaDogsMedia",0,FALSE,FALSE,NA,NA
"RT @deAdder: Cartoon for @chronicleherald #TrumpPressBriefing #TrumpTownHall #FoxNews #LincolnMemorial #trump #Trump2020 https://t.co/JfWSq¡¦",FALSE,0,NA,2020-05-06 00:54:33,FALSE,NA,"1257836115240894465",NA,"<a href=""http://twitter.com/download/iphone"" rel=""nofollow"">Twitter for iPhone</a>","Veronicaromm",928,TRUE,FALSE,NA,NA
"RT @deAdder: Cartoon for @chronicleherald #TrumpPressBriefing #TrumpTownHall #FoxNews #LincolnMemorial #trump #Trump2020 https://t.co/JfWSq¡¦",FALSE,0,NA,2020-05-06 00:54:31,FALSE,NA,"1257836102913835011",NA,"<a href=""https://mobile.twitter.com"" rel=""nofollow"">Twitter Web App</a>","businet101",928,TRUE,FALSE,NA,NA
"#qanon #trump  I love it.  Can't wait.  Trust the plan! https://t.co/NoEpaXj1cE",FALSE,0,NA,2020-05-06 00:54:29,FALSE,NA,"1257836097545154560",NA,"<a href=""https://mobile.twitter.com"" rel=""nofollow"">Twitter Web App</a>","Bergy_pat",0,FALSE,FALSE,NA,NA
"RT @MrsC_Assange: 1/4 #Trump Administrations Prosecution of journalist Julian Assange

2O10 interview:
#Trump re @Wikileaks

"" I think its¡¦",FALSE,0,NA,2020-05-06 00:54:28,FALSE,NA,"1257836093153644544",NA,"<a href=""https://mobile.twitter.com"" rel=""nofollow"">Twitter Web App</a>","TaoLove43083017",8,TRUE,FALSE,NA,NA
"@SimonWDC Is the House not allowed to ""Hate Trump?""  The House is the people's house, representative of the America¡¦ https://t.co/E4BE68dQz2",FALSE,0,"SimonWDC",2020-05-06 00:54:27,TRUE,"1257684449543761923","1257836087902420992","37738073","<a href=""http://twitter.com/download/iphone"" rel=""nofollow"">Twitter for iPhone</a>","TheBlueDjin",0,FALSE,FALSE,NA,NA
"@RoArquette @mjfree Let¡¯s hope she finally steps down and takes it easy for whatever time she has left to enjoy wit¡¦ https://t.co/LD31D321Ny",FALSE,0,"RoArquette",2020-05-06 00:54:25,TRUE,"1257833333792272384","1257836078259556352","3148736402","<a href=""http://twitter.com/download/iphone"" rel=""nofollow"">Twitter for iPhone</a>","SundevilSal",0,FALSE,FALSE,NA,NA
"RT @DiggerDoggg: @H_MitchellPhoto @TrumanQuest @ProjectLincoln Every week?   Shit, I wanna see a new add every day.  We need to put a foot¡¦",FALSE,0,NA,2020-05-06 00:54:21,FALSE,NA,"1257836062157701127",NA,"<a href=""http://twitter.com/download/iphone"" rel=""nofollow"">Twitter for iPhone</a>","rnsgarden",11,TRUE,FALSE,NA,NA
"RT @Qwatchie10: If everyone is so fed-up and tired of being told what to do and how to live, THEN VOTE!! These people are in elected positi¡¦",FALSE,0,NA,2020-05-06 00:54:12,FALSE,NA,"1257836026908860416",NA,"<a href=""http://twitter.com/download/android"" rel=""nofollow"">Twitter for Android</a>","DC0514",2,TRUE,FALSE,NA,NA
"Hurray! #Bernie can resume collecting delegates! Thank you #AndrewYang!  https://t.co/3sc6M4C3Fr #yanggang¡¦ https://t.co/eiSeVNT8zF",FALSE,0,NA,2020-05-06 00:54:12,TRUE,NA,"1257836026090774528",NA,"<a href=""https://mobile.twitter.com"" rel=""nofollow"">Twitter Web App</a>","DennisGoya",0,FALSE,FALSE,NA,NA
"RT @mog7546: Explosive Whistleblower Complaint by Ousted #HHS Official Says He Was PRESSURED TO GIVE CONTRACT to #Trump-Friendly PHARMA FIR¡¦",FALSE,0,NA,2020-05-06 00:54:07,FALSE,NA,"1257836005731627008",NA,"<a href=""http://twitter.com/#!/download/ipad"" rel=""nofollow"">Twitter for iPad</a>","tahiti93",74,TRUE,FALSE,NA,NA
"RT @Laurie_Garrett: Two separate models predict US #COVID19 death toll will nearly 2X by late June, nearing 135,000 souls, but the @WhiteHo¡¦",FALSE,0,NA,2020-05-06 00:54:07,FALSE,NA,"1257836003751899136",NA,"<a href=""http://twitter.com/download/android"" rel=""nofollow"">Twitter for Android</a>","rossuchimura",248,TRUE,FALSE,NA,NA
"@NBCNews I'm willing to sacrifice you so that the economy can grow"" All the best in the Hunger Games to come....#Trump",FALSE,0,"NBCNews",2020-05-06 00:54:05,FALSE,"1257829948636741632","1257835995250204673","14173315","<a href=""https://mobile.twitter.com"" rel=""nofollow"">Twitter Web App</a>","SiHo2021",0,FALSE,FALSE,NA,NA
"When someone lies to you once and you believed, shame on him. But when he does so thousands of times, then you've g¡¦ https://t.co/FblkqlDSmz",FALSE,0,NA,2020-05-06 00:54:01,TRUE,NA,"1257835980054282240",NA,"<a href=""http://twitter.com/download/android"" rel=""nofollow"">Twitter for Android</a>","GeorgeUwaifo",0,FALSE,FALSE,NA,NA
"RT @mog7546: #Trump says Washington, DC, will never be a state

¡°Why? So we can have two more Democratic <U+2014> Democrat senators and five more¡¦",FALSE,0,NA,2020-05-06 00:53:58,FALSE,NA,"1257835965483270145",NA,"<a href=""http://twitter.com/download/iphone"" rel=""nofollow"">Twitter for iPhone</a>","Margaret_ADuffy",16,TRUE,FALSE,NA,NA
"RT @being_steve: #Trump just laid out the @GOP 2020 platform: Lower taxes on those employed, eliminate many taxes on the rich, and make it¡¦",FALSE,0,NA,2020-05-06 00:53:52,FALSE,NA,"1257835941999280128",NA,"<a href=""http://twitter.com/download/android"" rel=""nofollow"">Twitter for Android</a>","YarosisNancy",34,TRUE,FALSE,NA,NA
"RT @AndyOstroy: This is hiliarious. The moron who knows nothing about anything thinks he knows everything better than anyone... #Trump http¡¦",FALSE,0,NA,2020-05-06 00:53:52,FALSE,NA,"1257835941621719043",NA,"<a href=""http://twitter.com/download/iphone"" rel=""nofollow"">Twitter for iPhone</a>","kustomken",550,TRUE,FALSE,NA,NA
"RT @Laurie_Garrett: Two separate models predict US #COVID19 death toll will nearly 2X by late June, nearing 135,000 souls, but the @WhiteHo¡¦",FALSE,0,NA,2020-05-06 00:53:52,FALSE,NA,"1257835941256998912",NA,"<a href=""http://twitter.com/download/android"" rel=""nofollow"">Twitter for Android</a>","LesiaWilliams19",248,TRUE,FALSE,NA,NA
"RT @BobDibuono: WATCH. President Trump holiday wishes for <U+0001F1F2><U+0001F1FD> Mexico!   

Retweet.  <U+0001F929>

Comedian bob dibuono.  

Follow bob<U+0001F448><U+0001F3FC><U+0001F448><U+0001F3FC><U+0001F1FA><U+0001F1F8><U+0001F1FA><U+0001F1F8><U+0001F1FA><U+0001F1F8><U+0001F1FA><U+0001F1F8><U+0001F1FA><U+0001F1F8><U+0001F1FA><U+0001F1F8><U+0001F92A>.¡¦",FALSE,0,NA,2020-05-06 00:53:50,FALSE,NA,"1257835933862428674",NA,"<a href=""https://mobile.twitter.com"" rel=""nofollow"">Twitter Web App</a>","GiannaDemarcoXO",5,TRUE,FALSE,NA,NA
"#TWEETCAREERDELETE Texas Gov. Admits Dangers of Reopening State on Private Call With Lawmakers¡¦ https://t.co/oWB7zAjgxs",FALSE,1,NA,2020-05-06 00:53:44,TRUE,NA,"1257835906561478656",NA,"<a href=""http://twitter.com"" rel=""nofollow"">Twitter Web Client</a>","MoneyTrain",0,FALSE,FALSE,NA,NA
"I'm willing to sacrifice you so that the economy can grow"" All the best in the Hunger Games to come....#Trump",FALSE,0,NA,2020-05-06 00:53:39,FALSE,NA,"1257835887804723200",NA,"<a href=""https://mobile.twitter.com"" rel=""nofollow"">Twitter Web App</a>","SiHo2021",0,FALSE,FALSE,NA,NA
"RT @mayawiley: #Trump is successfully undermining the independent oversight we created after #Watergate to prevent waste, #Fraud &amp; abuse be¡¦",FALSE,0,NA,2020-05-06 00:53:34,FALSE,NA,"1257835863754657793",NA,"<a href=""http://twitter.com/download/iphone"" rel=""nofollow"">Twitter for iPhone</a>","CurmudgeonCD21",210,TRUE,FALSE,NA,NA
"RT @Venti__Poet: This amazing resister is looking for more followers. He hates #Trump as much as the rest of us. #FBR @Javier_Prince30",FALSE,0,NA,2020-05-06 00:53:30,FALSE,NA,"1257835848520925184",NA,"<a href=""https://mobile.twitter.com"" rel=""nofollow"">Twitter Web App</a>","Venti__Poet",2,TRUE,FALSE,NA,NA
"@secupp Correction: @KellyannePolls isn¡¯t well. No sane person, who has any ounce of respect for their spouse conti¡¦ https://t.co/B8krwlvQPZ",FALSE,0,"secupp",2020-05-06 00:53:30,TRUE,"1257661222067081217","1257835846876659713","19268706","<a href=""http://twitter.com/download/iphone"" rel=""nofollow"">Twitter for iPhone</a>","jared_dias",0,FALSE,FALSE,NA,NA
"RT @badseedbook: <U+0001F534>Someone's NOT gonna like it...
That's probably worse than 890 deaths per day to him...
#tuesdayvibes #Trump #COVID https:¡¦",FALSE,0,NA,2020-05-06 00:53:26,FALSE,NA,"1257835832246927360",NA,"<a href=""https://mobile.twitter.com"" rel=""nofollow"">Twitter Web App</a>","therealkunt",0,TRUE,FALSE,NA,NA
"Oh my god my mom has #cancer in #DetroitMichigan and she just receive some money from TRUMP and was like excited Ni¡¦ https://t.co/lR93zoco60",FALSE,0,"omgunreal",2020-05-06 00:53:24,TRUE,"1247893104700448768","1257835822205853696","44642126","<a href=""http://twitter.com/download/iphone"" rel=""nofollow"">Twitter for iPhone</a>","omgunreal",0,FALSE,FALSE,NA,NA
"RT @InconvenientTr5: @joncoopertweets <U+0001F6A8> over 70,000<U+00A0>Americans are DEAD due to #Trump FAILURE

<U+0001F6A8> 30.3 MILLION Americans LOST #Jobs in RECENT¡¦",FALSE,0,NA,2020-05-06 00:53:22,FALSE,NA,"1257835814236459009",NA,"<a href=""https://mobile.twitter.com"" rel=""nofollow"">Twitter Web App</a>","JenniferAshwor4",1,TRUE,FALSE,NA,NA
"@thehill ""I'm willing to sacrifice you so that the economy can grow"" All the best in the Hunger Games to come....#Trump",FALSE,0,"thehill",2020-05-06 00:53:16,FALSE,"1257830185631494144","1257835790228480001","1917731","<a href=""https://mobile.twitter.com"" rel=""nofollow"">Twitter Web App</a>","SiHo2021",0,FALSE,FALSE,NA,NA
"RT @Afro_Crypto: #coronavirus #COVID19

How long has @UN @who planned this #biowarfare epidemic on humanity? Why is depopulation vital for¡¦",FALSE,0,NA,2020-05-06 00:53:15,FALSE,NA,"1257835787959308296",NA,"<a href=""http://twitter.com/download/android"" rel=""nofollow"">Twitter for Android</a>","nje_Because",18,TRUE,FALSE,NA,NA
"Google exec caught on hidden camera saying that they will stop Trump¡¯s re-election | News | LifeSite¡¦ https://t.co/qzh1nUlRzx",FALSE,0,NA,2020-05-06 00:53:13,TRUE,NA,"1257835778618667016",NA,"<a href=""https://mobile.twitter.com"" rel=""nofollow"">Twitter Web App</a>","SimpleFeather77",0,FALSE,FALSE,NA,NA
"RT @ChinaDaily: Experts from both the World Health Organization (#WHO) and the United States, including intelligence analysts, have contest¡¦",FALSE,0,NA,2020-05-06 00:53:11,FALSE,NA,"1257835770687229953",NA,"<a href=""http://twitter.com/download/android"" rel=""nofollow"">Twitter for Android</a>","zxuan1080",31,TRUE,FALSE,NA,NA
"Oh so #trump is our CHEERLEADER now?

What's the cheer...oh here, let me!

RahRahREE! Putin worked for me!
RahRahRasss Now he OWNS MY ASS!",FALSE,0,"ThiefUsNFlufHed",2020-05-06 00:53:11,FALSE,"1257835274593173504","1257835769906921474","278343846","<a href=""https://mobile.twitter.com"" rel=""nofollow"">Twitter Web App</a>","ThiefUsNFlufHed",0,FALSE,FALSE,NA,NA
"@BBCWorld And the ccx world laughs at his stupidity and duplicity.  Why would #Trump shut it down?  Because every d¡¦ https://t.co/Wn7bo88GCC",FALSE,0,"BBCWorld",2020-05-06 00:52:59,TRUE,"1257780455342030856","1257835717415309312","742143","<a href=""http://twitter.com/download/android"" rel=""nofollow"">Twitter for Android</a>","5141quid",0,FALSE,FALSE,NA,NA
"RT @RealLazyVulcan: Vaccine official says he was fired for resisting #Trump¡¯s push for coronavirus ¡®miracle¡¯ drug https://t.co/ikLCEvrWWt",FALSE,0,NA,2020-05-06 00:52:58,FALSE,NA,"1257835713904640000",NA,"<a href=""http://twitter.com/download/android"" rel=""nofollow"">Twitter for Android</a>","TomCase147",1,TRUE,FALSE,NA,NA
"RT @deAdder: Cartoon for June 26, 2019 on #trump #BorderCrisis 
#BORDER  #TrumpCamps #TrumpConcentrationCamps https://t.co/Gui8DHsebl",FALSE,0,NA,2020-05-06 00:52:57,FALSE,NA,"1257835711174246400",NA,"<a href=""http://twitter.com/download/iphone"" rel=""nofollow"">Twitter for iPhone</a>","IMCandyCouture",11214,TRUE,FALSE,NA,NA
"RT @cosmicfirepeace: #Trump has fallen down on the job ... what a #FAILURE!!!",FALSE,0,NA,2020-05-06 00:52:46,FALSE,NA,"1257835662562283520",NA,"<a href=""https://mobile.twitter.com"" rel=""nofollow"">Twitter Web App</a>","buffaloon",1,TRUE,FALSE,NA,NA
"#Venezuela detains #US citizens over speedboat incursion: President #Maduro said two men arrested following what he¡¦ https://t.co/T3RTsqOuEa",FALSE,0,NA,2020-05-06 00:52:42,TRUE,NA,"1257835647559258113",NA,"<a href=""https://mobile.twitter.com"" rel=""nofollow"">Twitter Web App</a>","minamaya13",0,FALSE,FALSE,NA,NA
"RT @BobDibuono: Trump on the Virus!!

Comedian bob dibuono¡¯s Trump impression!  #trump #donaldtrump #nascar #nra #comedycentral #snl #colbe¡¦",FALSE,0,NA,2020-05-06 00:52:41,FALSE,NA,"1257835641611513858",NA,"<a href=""http://twitter.com/download/android"" rel=""nofollow"">Twitter for Android</a>","jewelwilson51",29,TRUE,FALSE,NA,NA
"I trust #JoeBiden.

That is the simplicity of it.

#ElectionDay #JoeBiden2020 
#trump",FALSE,0,NA,2020-05-06 00:52:33,FALSE,NA,"1257835611777429504",NA,"<a href=""https://mobile.twitter.com"" rel=""nofollow"">Twitter Web App</a>","CSBBB",0,FALSE,FALSE,NA,NA
"RT @DanielPipes: BREAKING: #USSenate just unanimously recognized the #ArmenianGenocide, Along with the prior near-unanimous #USHouse vote,¡¦",FALSE,0,NA,2020-05-06 00:52:27,FALSE,NA,"1257835583998582785",NA,"<a href=""http://twitter.com/download/android"" rel=""nofollow"">Twitter for Android</a>","DianaBialkowski",24,TRUE,FALSE,NA,NA
"More than half of voters would still reelect #trump in #backwardsusa due to #educationgap et al. https://t.co/sxnXJSRyH1",FALSE,0,NA,2020-05-06 00:52:26,FALSE,NA,"1257835579242356741",NA,"<a href=""http://twitter.com/download/android"" rel=""nofollow"">Twitter for Android</a>","tautrack",0,FALSE,FALSE,NA,NA
"@NatSecLisa I hope more in the Intelligence Community decide it is in this country¡¯s best interests to become¡¦ https://t.co/5CqjG0YHXS",FALSE,0,"NatSecLisa",2020-05-06 00:52:12,TRUE,"1257759614394867718","1257835521658753025","1144276612470444032","<a href=""http://twitter.com/download/iphone"" rel=""nofollow"">Twitter for iPhone</a>","VJKUTZ",0,FALSE,FALSE,NA,NA
"@livc2116 #Trump hates America since he reminds us all the time he thinks it's not great. He hates Americans as dif¡¦ https://t.co/pd1RtY5KA8",FALSE,1,"livc2116",2020-05-06 00:52:12,TRUE,"1257754904233480199","1257835521138667522","931654314820501505","<a href=""https://mobile.twitter.com"" rel=""nofollow"">Twitter Web App</a>","factandrumor",0,FALSE,FALSE,NA,NA
"@yabutaleb7 @dontpanic1955 @AshleyRParker ""ONLY THE BEST PEOPLE""...

WHO SAID THAT?

#TRUMP SAID THAT....

WE'RE AL¡¦ https://t.co/YsF1OV0tl2",FALSE,0,"yabutaleb7",2020-05-06 00:52:09,TRUE,"1257711176907177984","1257835511118475264","418325508","<a href=""https://mobile.twitter.com"" rel=""nofollow"">Twitter Web App</a>","chaseydujac",0,FALSE,FALSE,NA,NA
"""President #Trump signed an executive order intended to limit the use of foreign-supplied components in the nation¡¯¡¦ https://t.co/vgwCLfgmxp",FALSE,0,NA,2020-05-06 00:52:09,TRUE,NA,"1257835507205242884",NA,"<a href=""https://mobile.twitter.com"" rel=""nofollow"">Twitter Web App</a>","Brooklynmonk",0,FALSE,FALSE,NA,NA
"RT @WonderWoman2KAG: I was going to ask when our murder hornet stimulus checks will arrive, &amp; then I saw this video. The media won't show u¡¦",FALSE,0,NA,2020-05-06 00:52:03,FALSE,NA,"1257835486032408579",NA,"<a href=""http://twitter.com/download/iphone"" rel=""nofollow"">Twitter for iPhone</a>","Judith5443",330,TRUE,FALSE,NA,NA
"The Deep State Are Pushing Their Fear  Agenda.  

America Have NO FEAR Because #TRUMP Is Here! <U+0001F1FA><U+0001F1F8>¡¦ https://t.co/BlVXsX7WUM",FALSE,0,NA,2020-05-06 00:52:03,TRUE,NA,"1257835485940113409",NA,"<a href=""http://twitter.com/download/iphone"" rel=""nofollow"">Twitter for iPhone</a>","seektruth4potus",0,FALSE,FALSE,NA,NA
"RT @RichforGA: I have seen the real polls in #GA07!   .@realDonaldTrump approval numbers are through the roof!!!   Don¡¯t listen to the fake¡¦",FALSE,0,NA,2020-05-06 00:52:02,FALSE,NA,"1257835481900789760",NA,"<a href=""http://twitter.com/download/android"" rel=""nofollow"">Twitter for Android</a>","DarenZenner",201,TRUE,FALSE,NA,NA
"RT @RichardAngwin: If properly fitted, two masks can save thousands of lives.
- Dr Fauci

#COVID19 #Resist #Trump #Pence #1u #tcot #maga #k¡¦",FALSE,0,NA,2020-05-06 00:51:55,FALSE,NA,"1257835452104609792",NA,"<a href=""http://twitter.com/download/iphone"" rel=""nofollow"">Twitter for iPhone</a>","oldmadlady1",485,TRUE,FALSE,NA,NA
"RT @Laurie_Garrett: Two separate models predict US #COVID19 death toll will nearly 2X by late June, nearing 135,000 souls, but the @WhiteHo¡¦",FALSE,0,NA,2020-05-06 00:51:55,FALSE,NA,"1257835448874856449",NA,"<a href=""http://twitter.com/download/iphone"" rel=""nofollow"">Twitter for iPhone</a>","CarlaMeckelborg",248,TRUE,FALSE,NA,NA
"RT @RichforGA: I have seen the real polls in #GA07!   .@realDonaldTrump approval numbers are through the roof!!!   Don¡¯t listen to the fake¡¦",FALSE,0,NA,2020-05-06 00:51:54,FALSE,NA,"1257835444588343296",NA,"<a href=""http://twitter.com/download/android"" rel=""nofollow"">Twitter for Android</a>","Connie11578018",201,TRUE,FALSE,NA,NA
"RT @dicklawfirm: #Trump says insurance company should pay #COVID19 business interruption #MAGA https://t.co/m3UgAHRsi7 https://t.co/FxHb4uJ¡¦",FALSE,0,NA,2020-05-06 00:51:53,FALSE,NA,"1257835443422400514",NA,"<a href=""http://twitter.com/download/android"" rel=""nofollow"">Twitter for Android</a>","GMcmahon18",1,TRUE,FALSE,NA,NA
"<U+0001F6A8><U+0001F525>BREAKING: Justice Ruth Bader Ginsburg admitted to hospital with the infection of gallstone¡¦ https://t.co/IS5Nc7r9AC",FALSE,0,NA,2020-05-06 00:51:42,TRUE,NA,"1257835395934564355",NA,"<a href=""http://twitter.com/download/iphone"" rel=""nofollow"">Twitter for iPhone</a>","Nav49767614",0,FALSE,FALSE,NA,NA
"#Trump  fail to wear face masks on visit to facility that makes them #TrumpIsALaughingStock  <U+0001F637><U+0001F926><U+200D>¡Î<U+FE0F> https://t.co/PSxchYpNa6",FALSE,0,NA,2020-05-06 00:51:39,FALSE,NA,"1257835383066411009",NA,"<a href=""http://www.myplume.com/"" rel=""nofollow"">Plume<U+00A0>for<U+00A0>Android</a>","tedsilvaiii",0,FALSE,FALSE,NA,NA
"RT @AndyOstroy: @realDonaldTrump You say we¡¯re ¡°fighting a war¡± against #Covid19 &amp; you¡¯re a ¡°wartime president¡±. But FDR, Eisenhower, Kenne¡¦",FALSE,0,NA,2020-05-06 00:51:38,FALSE,NA,"1257835380956704769",NA,"<a href=""http://twitter.com/download/iphone"" rel=""nofollow"">Twitter for iPhone</a>","PatriciaGoddar1",49,TRUE,FALSE,NA,NA
"RT @WonderWoman2KAG: I was going to ask when our murder hornet stimulus checks will arrive, &amp; then I saw this video. The media won't show u¡¦",FALSE,0,NA,2020-05-06 00:51:35,FALSE,NA,"1257835366263947268",NA,"<a href=""http://twitter.com/download/iphone"" rel=""nofollow"">Twitter for iPhone</a>","JosephShultz9",330,TRUE,FALSE,NA,NA
"I'm thinking #Trump the draft dodger should take frontline on this one if he's so brave... https://t.co/LZ27UMYxvj",FALSE,0,NA,2020-05-06 00:51:27,FALSE,NA,"1257835333493960704",NA,"<a href=""http://twitter.com/download/android"" rel=""nofollow"">Twitter for Android</a>","GoodGroundhog",0,FALSE,FALSE,NA,NA
"RT @pollsofpolitics: How did @realDonaldTrump handle the #coronavirus Pandemic in the crucial first days &amp; weeks??

Please Vote and Retweet¡¦",FALSE,0,NA,2020-05-06 00:51:26,FALSE,NA,"1257835330608132096",NA,"<a href=""http://twitter.com/download/android"" rel=""nofollow"">Twitter for Android</a>","JackieMeeoff",201,TRUE,FALSE,NA,NA
"RT @MrsC_Assange: #Trump on @Wikileaks

""I think its disgraceful..
Should be the death penalty or something""

#SaveJulian 
#FreeAssange htt¡¦",FALSE,0,NA,2020-05-06 00:51:25,FALSE,NA,"1257835326204071936",NA,"<a href=""https://mobile.twitter.com"" rel=""nofollow"">Twitter Web App</a>","BernardGyorgy",8,TRUE,FALSE,NA,NA
"RT @DresBlacksheep: Why is it the person who¡¯s negligence and idiocy got us in this situation still making decisions in regard? Not me, but¡¦",FALSE,0,NA,2020-05-06 00:51:21,FALSE,NA,"1257835308231659527",NA,"<a href=""http://twitter.com/download/iphone"" rel=""nofollow"">Twitter for iPhone</a>","Mr_OooWee",4,TRUE,FALSE,NA,NA
"RT @lgutwein99_31: Aerial video of the half mile #Trump #KeepAmericaGreat @realDonaldTrump @VP @DavidJHarrisJr https://t.co/5xDYJh1MAY",FALSE,0,NA,2020-05-06 00:51:19,FALSE,NA,"1257835299897593858",NA,"<a href=""http://twitter.com/download/iphone"" rel=""nofollow"">Twitter for iPhone</a>","melistalk",1335,TRUE,FALSE,NA,NA
"RT @being_steve: #Trump just laid out the @GOP 2020 platform: Lower taxes on those employed, eliminate many taxes on the rich, and make it¡¦",FALSE,0,NA,2020-05-06 00:51:18,FALSE,NA,"1257835295866830849",NA,"<a href=""http://twitter.com/download/iphone"" rel=""nofollow"">Twitter for iPhone</a>","Lorisantacroce2",34,TRUE,FALSE,NA,NA
"RT @donnasfineart: @binbing59 @realDonaldTrump #Resisters know EXACTLY WHY #Trump won¡¯t ALLOW #DrFauci to appear before the House..SPITE¡¦",FALSE,0,NA,2020-05-06 00:51:18,FALSE,NA,"1257835294113447937",NA,"<a href=""http://twitter.com/download/iphone"" rel=""nofollow"">Twitter for iPhone</a>","mightymykey1",11,TRUE,FALSE,NA,NA
"#trump the #Idiot-In-Chief says there 'may be more deaths from the #CoronaVirus when the country opens up.
https://t.co/r8c77j9gmy",FALSE,0,NA,2020-05-06 00:51:14,FALSE,NA,"1257835280112836608",NA,"<a href=""https://mobile.twitter.com"" rel=""nofollow"">Twitter Web App</a>","CorporatePiggie",0,FALSE,FALSE,NA,NA
"@WHOhd She sounds just like #Trump I tried to talk people out of voting for her but failed. But at least she finall¡¦ https://t.co/Wez7Hxsi69",FALSE,0,"WHOhd",2020-05-06 00:51:13,TRUE,"1257820125723582471","1257835275092451328","42946380","<a href=""http://twitter.com/download/iphone"" rel=""nofollow"">Twitter for iPhone</a>","LMarieB1978",0,FALSE,FALSE,NA,NA
